Hz,vin,vout
1,1,0.0156431831419468
1.00461578369141,1,0.0157153718173504
1.00925290584564,1,0.0157878901809454
1.01391136646271,1,0.0158607475459576
1.01859140396118,1,0.0159339383244514
1.02329301834106,1,0.0160074662417173
1.02801632881165,1,0.0160813350230455
1.03276145458221,1,0.0161555446684361
1.03752839565277,1,0.0162300951778889
1.04231739044189,1,0.0163049902766943
1.04712855815887,1,0.0163802299648523
1.05196189880371,1,0.0164558161050081
1.05681753158569,1,0.016531752422452
1.06169557571411,1,0.0166080389171839
1.06659615039825,1,0.016684677451849
1.07151925563812,1,0.0167616680264473
1.07646524906158,1,0.0168390143662691
1.08143389225006,1,0.0169167183339596
1.08642566204071,1,0.0169947799295187
1.09144032001495,1,0.0170732010155916
1.09647822380066,1,0.0171519853174686
1.10153925418854,1,0.0172311309725046
1.10662376880646,1,0.017310643568635
1.11173176765442,1,0.0173905193805695
1.11686325073242,1,0.0174707677215338
1.12201845645905,1,0.0175513848662376
1.12719750404358,1,0.0176323726773262
1.13240039348602,1,0.0177137330174446
1.13762724399567,1,0.0177954714745283
1.14287829399109,1,0.017877584323287
1.14815366268158,1,0.0179600790143013
1.15345323085785,1,0.0180429499596357
1.15877735614777,1,0.0181262046098709
1.16412603855133,1,0.018209844827652
1.16949939727783,1,0.0182938687503338
1.17489755153656,1,0.0183782819658518
1.1803206205368,1,0.0184630826115608
1.18576872348785,1,0.0185482762753963
1.191241979599,1,0.0186338610947132
1.19674050807953,1,0.0187198426574469
1.20226442813873,1,0.018806217238307
1.2078138589859,1,0.0188929922878742
1.21338880062103,1,0.0189801659435034
1.218989610672,1,0.0190677437931299
1.2246161699295,1,0.0191557239741087
1.23026871681213,1,0.01924411021173
1.23594748973846,1,0.019332904368639
1.24165225028992,1,0.0194221083074808
1.24738347530365,1,0.0195117220282555
1.25314116477966,1,0.0196017492562532
1.25892543792725,1,0.0196921918541193
1.2647362947464,1,0.0197830498218536
1.27057409286499,1,0.0198743287473917
1.27643883228302,1,0.0199660286307335
1.28233063220978,1,0.020058149471879
1.28824949264526,1,0.0201506987214088
1.29419589042664,1,0.0202436707913876
1.30016958713531,1,0.0203370731323957
1.30617094039917,1,0.0204309057444334
1.3121999502182,1,0.0205251686275005
1.3182567358017,1,0.0206198710948229
1.32434153556824,1,0.0207150056958199
1.33045446872711,1,0.0208105817437172
1.33659553527832,1,0.0209065955132246
1.34276497364044,1,0.0210030544549227
1.34896290302277,1,0.0210999567061663
1.35518944263458,1,0.0211973059922457
1.36144471168518,1,0.021295104175806
1.36772882938385,1,0.0213933531194925
1.37404203414917,1,0.0214920565485954
1.38038420677185,1,0.0215912126004696
1.38675582408905,1,0.0216908250004053
1.39315676689148,1,0.0217908974736929
1.39958727359772,1,0.0218914318829775
1.40604758262634,1,0.0219924300909042
1.41253757476807,1,0.0220938920974731
1.41905748844147,1,0.0221958234906197
1.42560756206512,1,0.0222982242703438
1.43218791484833,1,0.0224010981619358
1.43879854679108,1,0.0225044433027506
1.44543981552124,1,0.0226082652807236
1.45211160182953,1,0.0227125659584999
1.45881426334381,1,0.0228173490613699
1.46554780006409,1,0.0229226127266884
1.47231245040894,1,0.0230283625423908
1.47910833358765,1,0.0231346003711224
1.4859356880188,1,0.0232413280755281
1.4927943944931,1,0.0233485456556082
1.49968481063843,1,0.0234562605619431
1.50660705566406,1,0.0235644690692425
1.5135612487793,1,0.0236731767654419
1.52054750919342,1,0.0237823873758316
1.52756607532501,1,0.0238920971751213
1.53461694717407,1,0.0240023154765368
1.54170048236847,1,0.0241130404174328
1.54881656169891,1,0.0242242757230997
1.55596566200256,1,0.0243360251188278
1.56314766407013,1,0.0244482886046171
1.57036280632019,1,0.0245610661804676
1.57761132717133,1,0.024674367159605
1.58489322662354,1,0.0247881896793842
1.5922087430954,1,0.0249025356024504
1.5995579957962,1,0.0250174086540937
1.60694122314453,1,0.0251328106969595
1.61435854434967,1,0.0252487454563379
1.62181007862091,1,0.025365212932229
1.62929606437683,1,0.0254822168499231
1.63681650161743,1,0.0255997609347105
1.64437174797058,1,0.0257178470492363
1.65196180343628,1,0.0258364751935005
1.65958690643311,1,0.0259556509554386
1.66724717617035,1,0.0260753761976957
1.67494285106659,1,0.0261956509202719
1.68267405033112,1,0.0263164825737476
1.69044089317322,1,0.0264378692954779
1.69824361801147,1,0.0265598148107529
1.70608234405518,1,0.0266823228448629
1.7139573097229,1,0.0268053933978081
1.72186863422394,1,0.0269290320575237
1.72981631755829,1,0.027053240686655
1.73780083656311,1,0.0271780211478472
1.7458221912384,1,0.0273033753037453
1.75388050079346,1,0.0274293087422848
1.76197600364685,1,0.0275558196008205
1.77010893821716,1,0.027682913467288
1.77827942371368,1,0.0278105940669775
1.7864875793457,1,0.027938861399889
1.7947336435318,1,0.0280677210539579
1.80301773548126,1,0.0281971730291843
1.81134009361267,1,0.0283272191882133
1.81970083713531,1,0.0284578669816256
1.82810020446777,1,0.0285891145467758
1.83653831481934,1,0.0287209693342447
1.84501540660858,1,0.028853427618742
1.8535315990448,1,0.0289864987134933
1.86208713054657,1,0.0291201807558537
1.87068212032318,1,0.0292544774711132
1.87931680679321,1,0.0293893944472074
1.88799130916595,1,0.0295249316841364
1.89670586585999,1,0.0296610929071903
1.90546071529388,1,0.0297978799790144
1.91425597667694,1,0.0299352984875441
1.92309176921844,1,0.0300733484327793
1.93196833133698,1,0.0302120354026556
1.94088590145111,1,0.0303513593971729
1.94984459877014,1,0.0304913241416216
1.95884466171265,1,0.030631935223937
1.9678863286972,1,0.0307731907814741
1.97696959972382,1,0.0309150982648134
1.98609495162964,1,0.0310576595366001
1.99526226520538,1,0.0312008764594793
2.00447201728821,1,0.0313447527587414
2.0137243270874,1,0.0314892902970314
2.02301907539368,1,0.0316344909369946
2.03235697746277,1,0.0317803621292114
2.04173803329468,1,0.031926903873682
2.0511622428894,1,0.0320741236209869
2.06062984466553,1,0.0322220139205456
2.07014131546021,1,0.0323705896735191
2.07969665527344,1,0.0325198471546173
2.0892961025238,1,0.0326697938144207
2.09893989562988,1,0.0328204296529293
2.10862803459167,1,0.0329717583954334
2.11836123466492,1,0.0331237837672234
2.12813901901245,1,0.0332765020430088
2.13796210289001,1,0.033429928123951
2.14783048629761,1,0.0335840620100498
2.15774440765381,1,0.0337389037013054
2.1677041053772,1,0.0338944531977177
2.17770981788635,1,0.0340507254004478
2.18776154518127,1,0.0342077128589153
2.19785976409912,1,0.0343654230237007
2.20800471305847,1,0.034523855894804
2.21819639205933,1,0.0346830189228058
2.22843503952026,1,0.0348429158329964
2.23872113227844,1,0.0350035466253758
2.24905467033386,1,0.0351649150252342
2.25943565368652,1,0.0353270284831524
2.26986479759216,1,0.0354898869991302
2.28034210205078,1,0.0356534905731678
2.29086756706238,1,0.0358178503811359
2.30144190788269,1,0.0359829664230347
2.31206488609314,1,0.036148838698864
2.3227367401123,1,0.0363154746592045
2.33345794677734,1,0.0364828743040562
2.34422874450684,1,0.0366510488092899
2.35504937171936,1,0.0368199944496155
2.36591958999634,1,0.0369897149503231
2.37684035301209,1,0.0371602177619934
2.38781118392944,1,0.0373315028846264
2.39883303642273,1,0.0375035740435123
2.40990543365479,1,0.0376764349639416
2.42102909088135,1,0.0378500930964947
2.43220400810242,1,0.0380245484411716
2.44343066215515,1,0.0381998084485531
2.45470881462097,1,0.038375873118639
2.46603941917419,1,0.0385527461767197
2.47742199897766,1,0.0387304313480854
2.48885726928711,1,0.0389089323580265
2.50034546852112,1,0.0390882529318333
2.51188635826111,1,0.039268396794796
2.52348065376282,1,0.0394493751227856
2.53512859344482,1,0.0396311767399311
2.54683017730713,1,0.0398138165473938
2.55858588218689,1,0.0399972945451736
2.57039570808411,1,0.0401816181838512
2.58226013183594,1,0.0403667874634266
2.59417939186096,1,0.04055280610919
2.60615348815918,1,0.0407396778464317
2.61818289756775,1,0.0409274064004421
2.63026809692383,1,0.0411160029470921
2.64240884780884,1,0.0413054637610912
2.65460562705994,1,0.04149579256773
2.6668586730957,1,0.0416869968175888
2.67916822433472,1,0.0418790765106678
2.69153475761414,1,0.0420720390975475
2.70395827293396,1,0.0422658883035183
2.71643924713135,1,0.0424606278538704
2.7289776802063,1,0.0426562651991844
2.74157428741455,1,0.0428527966141701
2.75422859191895,1,0.043050229549408
2.7669415473938,1,0.0432485714554787
2.77971315383911,1,0.0434478186070919
2.79254388809204,1,0.0436479859054089
2.80543375015259,1,0.0438490658998489
2.81838297843933,1,0.0440510772168636
2.83139204978943,1,0.044254008680582
2.84446120262146,1,0.0444578714668751
2.85759043693542,1,0.0446626730263233
2.87078046798706,1,0.0448684096336365
2.88403153419495,1,0.0450750961899757
2.89734363555908,1,0.0452827289700508
2.91071701049805,1,0.045491311699152
2.92415237426758,1,0.0457008518278599
2.93764972686768,1,0.0459113530814648
2.95120930671692,1,0.0461228229105473
2.96483135223389,1,0.046335257589817
2.97851634025574,1,0.0465486720204353
2.99226474761963,1,0.0467630624771118
3.00607633590698,1,0.0469784364104271
3.01995182037354,1,0.0471947938203812
3.03389120101929,1,0.0474121458828449
3.0478949546814,1,0.0476304963231087
3.06196331977844,1,0.0478498451411724
3.07609677314758,1,0.0480701997876167
3.09029531478882,1,0.0482915677130222
3.10455965995789,1,0.0485139489173889
3.11888957023621,1,0.0487373471260071
3.13328576087952,1,0.0489617697894573
3.14774823188782,1,0.0491872243583202
3.16227769851685,1,0.0494137071073055
3.1768741607666,1,0.0496412292122841
3.19153785705566,1,0.0498697981238365
3.20626926422119,1,0.0500994063913822
3.22106885910034,1,0.0503300726413727
3.23593664169312,1,0.0505617931485176
3.25087308883667,1,0.0507945753633976
3.26587843894959,1,0.051028423011303
3.28095293045044,1,0.051263339817524
3.29609704017639,1,0.0514993369579315
3.3113112449646,1,0.0517364107072353
3.32659554481506,1,0.0519745722413063
3.34195041656494,1,0.0522138252854347
3.35737609863281,1,0.0524541698396206
3.37287306785583,1,0.0526956170797348
3.38844156265259,1,0.0529381707310677
3.40408182144165,1,0.0531818307936192
3.41979432106018,1,0.0534266084432602
3.43557953834534,1,0.0536725074052811
3.45143747329712,1,0.0539195276796818
3.46736860275269,1,0.0541676767170429
3.48337316513062,1,0.0544169694185257
3.49945163726807,1,0.0546673983335495
3.5156044960022,1,0.0549189709126949
3.53183174133301,1,0.0551716946065426
3.54813385009766,1,0.0554255768656731
3.5645112991333,1,0.0556806176900864
3.58096432685852,1,0.0559368245303631
3.59749341011047,1,0.0561942048370838
3.61409854888916,1,0.0564527623355389
3.63078045845032,1,0.0567124970257282
3.64753937721252,1,0.0569734238088131
3.66437578201294,1,0.0572355389595032
3.68128967285156,1,0.0574988573789597
3.69828176498413,1,0.0577633790671825
3.71535229682922,1,0.0580291040241718
3.73250150680542,1,0.0582960471510887
3.74973011016846,1,0.0585642084479332
3.76703810691833,1,0.0588335953652859
3.78442573547363,1,0.0591042153537273
3.80189394950867,1,0.0593760684132576
3.81944274902344,1,0.059649158269167
3.83707237243652,1,0.0599235035479069
3.85478353500366,1,0.0601990967988968
3.87257647514343,1,0.0604759491980076
3.89045143127441,1,0.0607540644705296
3.90840888023376,1,0.0610334500670433
3.92644929885864,1,0.0613141097128391
3.94457292556763,1,0.0615960545837879
3.96278023719788,1,0.0618792809545994
3.98107171058655,1,0.0621638037264347
3.99944758415222,1,0.0624496228992939
4.01790809631348,1,0.0627367421984673
4.03645372390747,1,0.063025176525116
4.05508518218994,1,0.0633149221539497
4.07380294799805,1,0.0636059939861298
4.09260654449463,1,0.063898392021656
4.11149740219116,1,0.0641921162605286
4.13047504425049,1,0.0644871890544891
4.14954042434692,1,0.0647836029529572
4.16869401931763,1,0.0650813654065132
4.1879358291626,1,0.0653804838657379
4.20726633071899,1,0.0656809657812119
4.22668600082397,1,0.0659828260540962
4.24619579315186,1,0.0662860497832298
4.26579523086548,1,0.0665906593203545
4.28548526763916,1,0.0668966546654701
4.3052659034729,1,0.0672040432691574
4.32513809204102,1,0.0675128325819969
4.34510231018066,1,0.0678230226039886
4.36515855789185,1,0.0681346356868744
4.38530683517456,1,0.068447656929493
4.40554857254028,1,0.0687621086835861
4.42588376998901,1,0.0690779909491539
4.44631290435791,1,0.0693953111767769
4.46683597564697,1,0.0697140693664551
4.48745393753052,1,0.0700342804193497
4.5081672668457,1,0.0703559443354607
4.52897596359253,1,0.0706790760159492
4.54988050460815,1,0.0710036754608154
4.57088184356689,1,0.0713297501206398
4.59197998046875,1,0.071657307446003
4.61317586898804,1,0.0719863548874855
4.6344690322876,1,0.0723168924450874
4.65586090087891,1,0.0726489275693893
4.67735147476196,1,0.0729824900627136
4.69894123077393,1,0.0733175501227379
4.72063064575195,1,0.0736541375517845
4.74241971969604,1,0.0739922523498535
4.76430988311768,1,0.0743319019675255
4.78630113601685,1,0.074673093855381
4.80839347839355,1,0.0750158354640007
4.83058786392212,1,0.0753601342439651
4.8528847694397,1,0.0757059827446938
4.87528467178345,1,0.0760534107685089
4.89778804779053,1,0.0764024183154106
4.9203953742981,1,0.0767529979348183
4.94310665130615,1,0.0771051719784737
4.96592330932617,1,0.0774589478969574
4.988844871521,1,0.0778143256902695
5.01187229156494,1,0.0781713053584099
5.03500604629517,1,0.0785299092531204
5.05824661254883,1,0.0788901373744011
5.08159446716309,1,0.0792519897222519
5.1050500869751,1,0.0796154886484146
5.12861394882202,1,0.0799806341528893
5.15228652954102,1,0.0803474336862564
5.17606830596924,1,0.0807158872485161
5.19995975494385,1,0.0810860097408295
5.22396183013916,1,0.0814578086137772
5.24807453155518,1,0.0818312913179398
5.27229881286621,1,0.0822064578533173
5.29663467407227,1,0.0825833231210709
5.3210825920105,1,0.0829618945717812
5.34564352035522,1,0.0833421796560287
5.3703179359436,1,0.083724170923233
5.39510631561279,1,0.0841078981757164
5.42000913619995,1,0.0844933614134788
5.44502639770508,1,0.0848805606365204
5.47015953063965,1,0.0852695107460022
5.49540853500366,1,0.0856602191925049
5.52077436447144,1,0.0860526859760284
5.54625701904297,1,0.0864469259977341
5.57185745239258,1,0.0868429467082024
5.59757614135742,1,0.0872407481074333
5.6234130859375,1,0.0876403450965881
5.64936971664429,1,0.088041752576828
5.67544603347778,1,0.0884449556469917
5.70164251327515,1,0.0888499915599823
5.72796010971069,1,0.0892568379640579
5.75439929962158,1,0.089665524661541
5.78096055984497,1,0.0900760591030121
5.80764436721802,1,0.09048842638731
5.83445119857788,1,0.0909026563167572
5.86138153076172,1,0.0913187637925148
5.88843631744385,1,0.091736726462841
5.91561651229858,1,0.0921565815806389
5.94292163848877,1,0.0925783142447472
5.97035264968872,1,0.0930019542574883
5.99791097640991,1,0.0934274941682815
6.02559566497803,1,0.0938549414277077
6.0534086227417,1,0.0942843109369278
6.08134984970093,1,0.0947156175971031
6.10942029953003,1,0.095148853957653
6.137619972229,1,0.0955840423703194
6.16594982147217,1,0.0960211753845215
6.19441080093384,1,0.0964602753520012
6.22300291061401,1,0.0969013497233391
6.25172710418701,1,0.0973443910479546
6.28058338165283,1,0.09778942912817
6.30957365036011,1,0.0982364565134049
6.33869695663452,1,0.0986854955554008
6.36795520782471,1,0.0991365388035774
6.39734840393066,1,0.0995896011590958
6.42687702178955,1,0.100044697523117
6.45654249191284,1,0.100501835346222
6.48634433746338,1,0.10096100717783
6.51628398895264,1,0.101422242820263
6.54636192321777,1,0.101885534822941
6.57657814025879,1,0.102350905537605
6.60693454742432,1,0.102818354964256
6.6374306678772,1,0.103287890553474
6.66806745529175,1,0.10375951975584
6.69884586334228,1,0.104233264923096
6.72976636886597,1,0.104709126055241
6.76082992553711,1,0.105187095701694
6.79203653335571,1,0.105667218565941
6.82338714599609,1,0.106149472296238
6.85488224029541,1,0.106633871793747
6.88652276992798,1,0.10712043941021
6.91830968856812,1,0.107609175145626
6.95024299621582,1,0.108100078999996
6.98232412338257,1,0.108593180775642
7.01455307006836,1,0.109088473021984
7.04693078994751,1,0.109585970640182
7.07945775985718,1,0.110085681080818
7.11213493347168,1,0.110587611794472
7.14496326446533,1,0.111091777682304
7.17794275283814,1,0.111598186194897
7.21107482910156,1,0.112106837332249
7.24435949325561,1,0.112617753446102
7.27779817581177,1,0.113130934536457
7.31139087677002,1,0.113646395504475
7.34513854980469,1,0.114164143800735
7.37904214859009,1,0.11468418687582
7.41310262680054,1,0.115206532180309
7.44731950759888,1,0.115731194615364
7.4816951751709,1,0.116258181631565
7.51622915267944,1,0.116787508130074
7.55092239379883,1,0.117319166660309
7.58577585220337,1,0.117853194475174
7.62079000473022,1,0.118389569222927
7.65596628189087,1,0.11892831325531
7.69130420684814,1,0.119469448924065
7.72680568695068,1,0.120012976229191
7.76247119903564,1,0.120558895170689
7.79830121994019,1,0.1211072281003
7.83429622650146,1,0.121657975018024
7.87045812606812,1,0.122211158275604
7.90678644180298,1,0.122766770422459
7.94328212738037,1,0.12332484126091
7.97994709014893,1,0.123885370790958
8.01678085327148,1,0.124448359012604
8.05378437042236,1,0.125013828277588
8.09095859527588,1,0.125581800937653
8.12830543518066,1,0.126152247190475
8.1658239364624,1,0.12672521173954
8.20351505279541,1,0.127300694584846
8.24138069152832,1,0.127878710627556
8.27942180633545,1,0.128459244966507
8.31763744354248,1,0.129042342305183
8.35603046417236,1,0.129627987742424
8.39459991455078,1,0.13021619617939
8.43334770202637,1,0.130806982517242
8.47227382659912,1,0.131400361657143
8.51138019561768,1,0.131996333599091
8.55066680908203,1,0.132594913244247
8.59013557434082,1,0.133196115493774
8.62978553771973,1,0.133799940347672
8.66961860656738,1,0.1344064027071
8.70963573455811,1,0.13501550257206
8.74983787536621,1,0.135627284646034
8.7902250289917,1,0.136241719126701
8.8307991027832,1,0.136858820915222
8.87156009674072,1,0.137478619813919
8.91250896453857,1,0.138101130723953
8.95364761352539,1,0.138726323843002
8.99497604370117,1,0.13935424387455
9.03649520874023,1,0.139984905719757
9.07820510864258,1,0.140618309378624
9.12010860443115,1,0.141254439949989
9.16220474243164,1,0.141893357038498
9.20449542999268,1,0.142535015940666
9.24698162078857,1,0.143179476261139
9.28966426849365,1,0.143826723098755
9.33254337310791,1,0.144476771354675
9.37561988830566,1,0.145129635930061
9.41889572143555,1,0.145785316824913
9.46237182617187,1,0.146443828940392
9.50604820251465,1,0.147105202078819
9.54992580413818,1,0.147769406437874
9.59400653839111,1,0.1484365016222
9.63829040527344,1,0.149106442928314
9.68277835845947,1,0.149779289960861
9.72747230529785,1,0.15045502781868
9.77237224578857,1,0.151133671402931
9.81747913360596,1,0.151815235614777
9.86279487609863,1,0.152499720454216
9.9083194732666,1,0.153187140822411
9.95405387878418,1,0.153877511620522
10,1,0.15457084774971
10.0461578369141,1,0.155267164111137
10.092529296875,1,0.155966445803642
10.1391134262085,1,0.156668737530708
10.1859140396118,1,0.157374009490013
10.2329301834106,1,0.15808230638504
10.2801628112793,1,0.158793613314629
10.3276138305664,1,0.159507974982262
10.3752841949463,1,0.160225376486778
10.4231739044189,1,0.16094583272934
10.4712858200073,1,0.161669343709946
10.5196189880371,1,0.16239595413208
10.5681753158569,1,0.16312563419342
10.6169557571411,1,0.163858413696289
10.665961265564,1,0.164594307541847
10.7151927947998,1,0.165333315730095
10.7646522521973,1,0.166075453162193
10.8143396377563,1,0.166820749640465
10.8642559051514,1,0.167569190263748
10.914402961731,1,0.168320789933205
10.9647817611694,1,0.169075563549995
11.0153932571411,1,0.169833526015282
11.066237449646,1,0.170594677329063
11.117317199707,1,0.171359032392502
11.1686325073242,1,0.172126621007919
11.2201843261719,1,0.172897428274155
11.2719745635986,1,0.173671469092369
11.3240032196045,1,0.174448758363724
11.3762731552124,1,0.17522931098938
11.428783416748,1,0.176013141870499
11.4815359115601,1,0.176800236105919
11.5345325469971,1,0.177590623497963
11.5877733230591,1,0.178384333848953
11.6412601470947,1,0.179181337356567
11.6949939727783,1,0.179981678724289
11.7489757537842,1,0.180785343050957
11.8032064437866,1,0.181592360138893
11.8576879501343,1,0.182402715086937
11.9124202728271,1,0.183216452598572
11.9674053192139,1,0.184033572673798
12.0226440429688,1,0.184854075312614
12.0781383514404,1,0.185677960515022
12.1338882446289,1,0.186505272984505
12.1898956298828,1,0.187335997819901
12.2461624145508,1,0.188170164823532
12.3026876449585,1,0.189007759094238
12.3594741821289,1,0.189848810434341
12.4165229797363,1,0.190693318843842
12.4738349914551,1,0.1915412992239
12.5314121246338,1,0.192392766475678
12.5892543792725,1,0.193247705698013
12.6473636627197,1,0.194106176495552
12.7057409286499,1,0.194968149065971
12.7643880844116,1,0.195833653211594
12.8233060836792,1,0.196702674031258
12.882495880127,1,0.197575256228447
12.9419584274292,1,0.198451384902
13.0016956329346,1,0.19933108985424
13.0617084503174,1,0.200214356184006
13.1219987869263,1,0.20110122859478
13.1825675964355,1,0.201991677284241
13.2434148788452,1,0.20288573205471
13.3045444488525,1,0.20378340780735
13.3659553527832,1,0.204684719443321
13.4276494979858,1,0.205589652061462
13.4896287918091,1,0.206498235464096
13.5518941879272,1,0.207410484552383
13.6144466400146,1,0.208326399326324
13.6772880554199,1,0.209245979785919
13.7404193878174,1,0.21016925573349
13.8038425445557,1,0.211096212267876
13.8675584793091,1,0.21202689409256
13.931568145752,1,0.21296127140522
13.9958734512329,1,0.21389938890934
14.0604753494263,1,0.214841246604919
14.1253757476807,1,0.215786829590797
14.1905755996704,1,0.216736167669296
14.2560758590698,1,0.217689275741577
14.3218793869019,1,0.218646168708801
14.3879861831665,1,0.219606831669807
14.4543981552124,1,0.220571279525757
14.5211162567139,1,0.221539542078972
14.5881423950195,1,0.222511604428291
14.655478477478,1,0.223487481474876
14.7231254577637,1,0.22446720302105
14.7910842895508,1,0.225450754165649
14.859356880188,1,0.226438149809837
14.9279441833496,1,0.227429404854774
14.9968481063843,1,0.2284245043993
15.0660705566406,1,0.229423508048058
15.135612487793,1,0.230426385998726
15.2054748535156,1,0.231433138251305
15.2756605148315,1,0.232443794608116
15.3461694717407,1,0.23345835506916
15.4170045852661,1,0.23447684943676
15.4881658554077,1,0.235499247908592
15.5596561431885,1,0.236525595188141
15.6314764022827,1,0.237555876374245
15.7036275863647,1,0.238590091466904
15.7761125564575,1,0.239628285169601
15.8489322662354,1,0.240670442581177
15.9220876693726,1,0.24171656370163
15.9955806732178,1,0.242766663432121
16.0694122314453,1,0.243820756673813
16.1435852050781,1,0.244878858327866
16.2181015014648,1,0.245940953493118
16.2929611206055,1,0.247007057070732
16.3681659698486,1,0.248077183961868
16.443717956543,1,0.249151319265366
16.5196170806885,1,0.250229507684708
16.5958690643311,1,0.251311749219894
16.6724720001221,1,0.252398014068604
16.7494297027588,1,0.253488332033157
16.8267402648926,1,0.254582703113556
16.9044094085693,1,0.255681157112122
16.9824371337891,1,0.256783694028854
17.0608234405518,1,0.257890313863754
17.1395721435547,1,0.259000986814499
17.2186851501465,1,0.260115772485733
17.2981643676758,1,0.261234641075134
17.3780078887939,1,0.262357652187347
17.4582214355469,1,0.263484746217728
17.5388050079346,1,0.26461598277092
17.6197605133057,1,0.265751332044601
17.7010898590088,1,0.266890794038773
17.7827949523926,1,0.268034398555756
17.864875793457,1,0.269182145595551
17.9473361968994,1,0.270334005355835
18.0301780700684,1,0.271490037441254
18.1134014129639,1,0.272650271654129
18.1970081329346,1,0.273814618587494
18.2810020446777,1,0.274983108043671
18.3653831481934,1,0.276155799627304
18.4501533508301,1,0.277332663536072
18.5353164672852,1,0.278513669967651
18.62087059021,1,0.279698878526688
18.7068214416504,1,0.280888289213181
18.7931690216064,1,0.282081872224808
18.8799133300781,1,0.283279657363892
18.9670600891113,1,0.28448161482811
19.0546073913574,1,0.285687774419785
19.1425590515137,1,0.286898165941238
19.2309169769287,1,0.288112759590149
19.3196830749512,1,0.289331525564194
19.4088592529297,1,0.290554523468018
19.4984455108643,1,0.291781723499298
19.5884475708008,1,0.293013155460358
19.6788635253906,1,0.294248789548874
19.7696971893311,1,0.295488625764847
19.8609485626221,1,0.296732723712921
19.9526233673096,1,0.297981053590775
20.0447196960449,1,0.299233555793762
20.137243270874,1,0.300490319728851
20.2301921844482,1,0.301751315593719
20.3235702514648,1,0.303016513586044
20.4173793792725,1,0.304285943508148
20.5116214752197,1,0.305559605360031
20.6062984466553,1,0.306837528944015
20.7014141082764,1,0.308119654655457
20.7969665527344,1,0.309406042098999
20.8929615020752,1,0.310696601867676
20.9893989562988,1,0.311991423368454
21.0862808227539,1,0.313290446996689
21.1836109161377,1,0.314593732357025
21.2813911437988,1,0.31590124964714
21.3796215057373,1,0.31721293926239
21.4783039093018,1,0.318528920412064
21.5774440765381,1,0.319849103689194
21.6770401000977,1,0.321173489093781
21.7770977020264,1,0.322502106428146
21.8776168823242,1,0.323834925889969
21.9785995483398,1,0.325171947479248
22.0800476074219,1,0.326513230800629
22.1819648742676,1,0.327858686447144
22.284351348877,1,0.329208344221115
22.3872108459473,1,0.330562204122543
22.4905452728271,1,0.331920266151428
22.5943584442139,1,0.33328253030777
22.6986484527588,1,0.334648966789246
22.8034210205078,1,0.336019605398178
22.9086761474609,1,0.337394446134567
23.0144176483154,1,0.338773429393768
23.1206474304199,1,0.340156555175781
23.227367401123,1,0.341543912887573
23.3345813751221,1,0.342935353517532
23.4422874450684,1,0.344331026077271
23.5504932403564,1,0.345730811357498
23.6591968536377,1,0.347134709358215
23.7684020996094,1,0.348542779684067
23.8781127929687,1,0.34995499253273
23.9883289337158,1,0.351371288299561
24.0990543365479,1,0.352791696786881
24.2102909088135,1,0.35421621799469
24.3220405578613,1,0.355644851922989
24.43430519104,1,0.357077568769455
24.5470886230469,1,0.358514338731766
24.6603927612305,1,0.359955191612244
24.7742214202881,1,0.361400127410889
24.8885726928711,1,0.362849116325378
25.003454208374,1,0.364302128553391
25.1188640594482,1,0.365759193897247
25.2348079681396,1,0.367220252752304
25.3512859344482,1,0.368685334920883
25.4683017730713,1,0.370154410600662
25.5858592987061,1,0.371627509593964
25.7039585113525,1,0.373104572296143
25.8226013183594,1,0.374585598707199
25.9417934417725,1,0.376070559024811
26.0615348815918,1,0.377559512853622
26.1818294525146,1,0.379052340984345
26.3026790618896,1,0.380549103021622
26.4240875244141,1,0.382049798965454
26.5460548400879,1,0.383554369211197
26.668586730957,1,0.385062783956528
26.7916831970215,1,0.386575073003769
26.9153480529785,1,0.388091236352921
27.0395832061768,1,0.389611214399338
27.1643924713135,1,0.391135036945343
27.2897777557373,1,0.392662614583969
27.4157409667969,1,0.394193977117538
27.5422878265381,1,0.395729154348373
27.6694164276123,1,0.397268056869507
27.7971324920654,1,0.398810684680939
27.9254379272461,1,0.400357067584991
28.0543365478516,1,0.401907116174698
28.1838302612305,1,0.403460890054703
28.3139190673828,1,0.405018270015717
28.4446105957031,1,0.406579345464706
28.5759048461914,1,0.408144056797028
28.7078056335449,1,0.409712314605713
28.8403148651123,1,0.411284238100052
28.9734363555908,1,0.412859678268433
29.1071720123291,1,0.4144386947155
29.2415237426758,1,0.416021227836609
29.3764972686768,1,0.41760727763176
29.512092590332,1,0.41919681429863
29.6483135223389,1,0.420789808034897
29.7851638793945,1,0.422386229038239
29.9226455688477,1,0.423986077308655
30.0607624053955,1,0.425589352846146
30.1995162963867,1,0.427195996046066
30.3389110565186,1,0.428805977106094
30.4789505004883,1,0.430419266223907
30.6196346282959,1,0.432035893201828
30.7609672546387,1,0.433655798435211
30.9029541015625,1,0.435278952121735
31.0455951690674,1,0.436905324459076
31.1888961791992,1,0.438534915447235
31.332857131958,1,0.44016769528389
31.4774837493897,1,0.441803604364395
31.6227760314941,1,0.443442642688751
31.768741607666,1,0.445084780454636
31.9153785705566,1,0.446729987859726
32.0626945495605,1,0.448378264904022
32.2106895446777,1,0.450029522180557
32.3593673706055,1,0.451683759689331
32.5087280273438,1,0.453340977430344
32.6587829589844,1,0.455001145601273
32.8095283508301,1,0.456664174795151
32.9609718322754,1,0.458330124616623
33.1131134033203,1,0.459998846054077
33.2659568786621,1,0.461670428514481
33.4195022583008,1,0.463344782590866
33.5737609863281,1,0.465021848678589
33.7287292480469,1,0.466701656579971
33.8844146728516,1,0.468384146690369
34.0408172607422,1,0.470069289207458
34.1979446411133,1,0.471757054328918
34.3557929992676,1,0.473447412252426
34.5143737792969,1,0.475140273571014
34.6736831665039,1,0.476835697889328
34.8337326049805,1,0.478533625602722
34.9945182800293,1,0.480233937501907
35.1560440063477,1,0.481936722993851
35.3183174133301,1,0.483641862869263
35.4813385009766,1,0.485349357128143
35.6451148986816,1,0.487059116363525
35.809642791748,1,0.488771200180054
35.9749336242676,1,0.490485489368439
36.1409873962402,1,0.492202013731003
36.307804107666,1,0.493920654058456
36.4753952026367,1,0.495641469955444
36.6437568664551,1,0.497364342212677
36.8128967285156,1,0.499089270830154
36.9828186035156,1,0.500816226005554
37.1535224914551,1,0.502545058727264
37.3250160217285,1,0.504275918006897
37.4972991943359,1,0.506008625030518
37.6703796386719,1,0.507743239402771
37.8442573547363,1,0.509479582309723
38.0189399719238,1,0.511217772960663
38.1944274902344,1,0.512957632541657
38.3707237243652,1,0.514699220657349
38.5478363037109,1,0.516442477703094
38.7257652282715,1,0.518187284469604
38.9045143127441,1,0.519933700561523
39.0840911865234,1,0.521681606769562
39.2644920349121,1,0.523431003093719
39.445728302002,1,0.525181829929352
39.6278038024902,1,0.526934027671814
39.810718536377,1,0.528687596321106
39.9944763183594,1,0.530442476272583
40.1790809631348,1,0.5321986079216
40.3645401000977,1,0.533955991268158
40.550853729248,1,0.535714507102966
40.7380294799805,1,0.537474155426025
40.9260673522949,1,0.53923487663269
41.1149711608887,1,0.540996670722961
41.3047485351562,1,0.542759418487549
41.4954032897949,1,0.544523119926453
41.686939239502,1,0.546287715435028
41.8793563842773,1,0.548053205013275
42.0726623535156,1,0.54981940984726
42.2668609619141,1,0.551586449146271
42.4619560241699,1,0.553354144096375
42.6579513549805,1,0.555122554302216
42.854850769043,1,0.556891560554504
43.052661895752,1,0.558661103248596
43.2513847351074,1,0.560431241989136
43.4510231018066,1,0.562201797962189
43.6515846252441,1,0.563972771167755
43.8530693054199,1,0.565744161605835
44.0554847717285,1,0.567515850067139
44.2588386535645,1,0.569287776947022
44.4631271362305,1,0.571060001850128
44.6683578491211,1,0.572832345962524
44.8745384216309,1,0.574604868888855
45.0816688537598,1,0.57637745141983
45.2897567749023,1,0.578150033950806
45.4988059997559,1,0.579922616481781
45.7088203430176,1,0.581695139408112
45.9197998046875,1,0.583467543125153
46.1317558288574,1,0.585239708423614
46.3446922302246,1,0.587011694908142
46.5586090087891,1,0.588783442974091
46.7735137939453,1,0.59055483341217
46.9894104003906,1,0.592325866222382
47.2063026428223,1,0.594096422195435
47.4241981506348,1,0.595866501331329
47.6430969238281,1,0.597636103630066
47.8630104064941,1,0.59940505027771
48.0839347839355,1,0.601173460483551
48.3058815002441,1,0.60294109582901
48.5288505554199,1,0.604708075523377
48.7528495788574,1,0.606474220752716
48.9778823852539,1,0.608239531517029
49.2039527893066,1,0.61000394821167
49.4310684204102,1,0.611767411231995
49.6592330932617,1,0.613529860973358
49.8884506225586,1,0.615291297435761
50.118724822998,1,0.617051661014557
50.3500595092773,1,0.618810832500458
50.5824661254883,1,0.620568811893463
50.8159446716309,1,0.622325539588928
51.0504989624023,1,0.624080896377564
51.2861366271973,1,0.625834941864014
51.5228652954102,1,0.627587616443634
51.760684967041,1,0.629338800907135
51.9995994567871,1,0.631088376045227
52.2396202087402,1,0.632836520671844
52.4807472229004,1,0.634582936763763
52.7229843139648,1,0.636327743530273
52.9663429260254,1,0.638070821762085
53.2108268737793,1,0.639812111854553
53.4564361572266,1,0.641551554203033
53.7031784057617,1,0.64328920841217
53.9510612487793,1,0.645024836063385
54.2000885009766,1,0.646758496761322
54.4502639770508,1,0.648490190505981
54.7015953063965,1,0.650219738483429
54.9540863037109,1,0.651947140693665
55.2077445983887,1,0.653672397136688
55.4625701904297,1,0.65539538860321
55.7185745239258,1,0.657116115093231
55.9757614135742,1,0.658834457397461
56.234130859375,1,0.660550475120544
56.4936981201172,1,0.662263989448547
56.7544593811035,1,0.663975059986115
57.0164260864258,1,0.665683567523956
57.2796020507812,1,0.667389512062073
57.5439949035645,1,0.669092833995819
57.8096046447754,1,0.670793414115906
58.0764427185059,1,0.672491312026978
58.3445091247559,1,0.6741863489151
58.6138153076172,1,0.675878584384918
58.8843650817871,1,0.677567958831787
59.1561622619629,1,0.679254412651062
59.4292144775391,1,0.680937826633453
59.7035293579102,1,0.682618260383606
59.9791069030762,1,0.68429559469223
60.2559585571289,1,0.685969829559326
60.5340881347656,1,0.687640905380249
60.8134994506836,1,0.689308702945709
61.0942039489746,1,0.690973281860352
61.3762016296387,1,0.692634522914887
61.6595001220703,1,0.694292485713959
61.9441070556641,1,0.695946991443634
62.2300300598145,1,0.697598040103912
62.5172691345215,1,0.699245631694794
62.805835723877,1,0.700889647006989
63.0957336425781,1,0.702530086040497
63.3869705200195,1,0.704166889190674
63.6795539855957,1,0.705800056457519
63.9734840393066,1,0.707429468631744
64.2687683105469,1,0.709055185317993
64.5654220581055,1,0.710677087306976
64.8634414672852,1,0.712295114994049
65.162841796875,1,0.713909208774567
65.4636154174805,1,0.715519487857819
65.7657852172852,1,0.717125713825226
66.0693435668945,1,0.718727946281433
66.3743057250977,1,0.72032618522644
66.6806793212891,1,0.721920311450958
66.9884643554687,1,0.723510265350342
67.2976684570312,1,0.725096046924591
67.6082992553711,1,0.726677656173706
67.9203643798828,1,0.728255033493042
68.2338714599609,1,0.729828059673309
68.5488204956055,1,0.731396794319153
68.8652267456055,1,0.732961237430573
69.1830978393555,1,0.734521210193634
69.5024337768555,1,0.736076712608337
69.8232421875,1,0.737627744674683
70.1455307006836,1,0.739174365997314
70.4693069458008,1,0.740716338157654
70.7945785522461,1,0.74225378036499
71.1213531494141,1,0.743786573410034
71.4496307373047,1,0.74531477689743
71.779426574707,1,0.746838271617889
72.1107482910156,1,0.748357057571411
72.4435958862305,1,0.749871075153351
72.7779769897461,1,0.751380324363709
73.1139068603516,1,0.752884745597839
73.4513854980469,1,0.754384338855743
73.7904205322266,1,0.755879044532776
74.1310272216797,1,0.757368862628937
74.4731979370117,1,0.758853733539581
74.8169479370117,1,0.76033365726471
75.1622924804687,1,0.761808574199677
75.5092239379883,1,0.763278424739838
75.8577575683594,1,0.764743268489838
76.2079010009766,1,0.766203045845032
76.5596618652344,1,0.76765763759613
76.9130477905273,1,0.769107162952423
77.2680587768555,1,0.770551562309265
77.6247100830078,1,0.771990656852722
77.9830093383789,1,0.773424625396729
78.3429641723633,1,0.774853348731995
78.7045822143555,1,0.77627682685852
79.0678634643555,1,0.777695000171661
79.4328231811523,1,0.779107868671417
79.7994689941406,1,0.780515432357788
80.1678085327148,1,0.781917572021484
80.537841796875,1,0.783314347267151
80.9095916748047,1,0.784705817699432
81.2830505371094,1,0.786091804504394
81.6582336425781,1,0.787472367286682
82.03515625,1,0.78884744644165
82.4138107299805,1,0.790217041969299
82.7942199707031,1,0.791581213474274
83.1763763427734,1,0.792939782142639
83.560302734375,1,0.794292867183685
83.9459991455078,1,0.795640408992767
84.3334732055664,1,0.79698234796524
84.7227401733398,1,0.79831874370575
85.1138000488281,1,0.79964953660965
85.5066680908203,1,0.800974667072296
85.9013519287109,1,0.802294194698334
86.2978515625,1,0.803608059883118
86.6961898803711,1,0.804916262626648
87.0963592529297,1,0.806218862533569
87.4983749389648,1,0.807515740394592
87.9022521972656,1,0.808806896209717
88.307991027832,1,0.810092329978943
88.7155990600586,1,0.811372101306915
89.1250915527344,1,0.812646090984344
89.5364761352539,1,0.813914358615875
89.9497604370117,1,0.815176844596863
90.3649444580078,1,0.816433608531952
90.7820510864258,1,0.817684650421143
91.2010803222656,1,0.8189297914505
91.6220474243164,1,0.82016921043396
92.0449600219727,1,0.821402788162231
92.4698181152344,1,0.822630643844605
92.8966369628906,1,0.82385265827179
93.3254318237305,1,0.825068831443787
93.7562026977539,1,0.82627922296524
94.1889572143555,1,0.827483713626862
94.6237182617187,1,0.828682422637939
95.0604782104492,1,0.829875290393829
95.4992599487305,1,0.831062316894531
95.9400634765625,1,0.832243502140045
96.3829040527344,1,0.833418786525726
96.8277893066406,1,0.834588289260864
97.2747192382813,1,0.835751950740814
97.7237243652344,1,0.836909711360931
98.1747970581055,1,0.838061630725861
98.6279449462891,1,0.839207708835602
99.0831909179688,1,0.840347945690155
99.5405426025391,1,0.841482281684876
100,1,0.842610776424408
100.461578369141,1,0.843733370304108
100.925285339355,1,0.844850122928619
101.391136169434,1,0.845961093902588
101.85913848877,1,0.847066164016724
102.329299926758,1,0.848165392875671
102.801628112793,1,0.849258780479431
103.276138305664,1,0.850346267223358
103.752838134766,1,0.851428031921387
104.231742858887,1,0.852503836154938
104.712852478027,1,0.853573858737946
105.196189880371,1,0.85463809967041
105.681747436523,1,0.855696499347687
106.169555664062,1,0.856749057769775
106.659614562988,1,0.857795774936676
107.151931762695,1,0.858836710453033
107.646522521973,1,0.859871923923492
108.143394470215,1,0.860901296138763
108.642562866211,1,0.861924886703491
109.144035339355,1,0.862942695617676
109.647819519043,1,0.863954722881317
110.153930664062,1,0.86496102809906
110.662376403809,1,0.86596155166626
111.17317199707,1,0.866956293582916
111.686325073242,1,0.867945432662964
112.201843261719,1,0.868928790092468
112.719741821289,1,0.86990636587143
113.240036010742,1,0.870878338813782
113.762725830078,1,0.871844530105591
114.28783416748,1,0.872805058956146
114.815361022949,1,0.873759984970093
115.345329284668,1,0.874709248542786
115.877738952637,1,0.875652849674225
116.412605285645,1,0.87659078836441
116.949935913086,1,0.877523124217987
117.489753723145,1,0.878449857234955
118.032066345215,1,0.879370987415314
118.576873779297,1,0.880286514759064
119.124198913574,1,0.881196558475494
119.674049377441,1,0.882100939750671
120.226440429688,1,0.882999837398529
120.781379699707,1,0.883893251419067
121.338882446289,1,0.884781062602997
121.898956298828,1,0.885663390159607
122.461616516113,1,0.886540293693543
123.026878356934,1,0.887411713600159
123.594741821289,1,0.8882777094841
124.165229797363,1,0.889138221740723
124.738349914551,1,0.889993369579315
125.314117431641,1,0.890843033790588
125.892539978027,1,0.891687333583832
126.4736328125,1,0.89252632856369
127.057411193848,1,0.893359959125519
127.643882751465,1,0.894188225269318
128.233062744141,1,0.895011186599731
128.824951171875,1,0.89582884311676
129.419586181641,1,0.896641194820404
130.016952514648,1,0.897448301315308
130.617095947266,1,0.898250162601471
131.219985961914,1,0.899046838283539
131.825668334961,1,0.899838209152222
132.434158325195,1,0.900624454021454
133.045440673828,1,0.901405513286591
133.659545898438,1,0.902181446552277
134.276489257812,1,0.902952194213867
134.896286010742,1,0.903717875480652
135.518936157227,1,0.904478430747986
136.144470214844,1,0.905233919620514
136.772888183594,1,0.905984342098236
137.404190063477,1,0.906729757785797
138.038421630859,1,0.907470107078552
138.675582885742,1,0.908205509185791
139.315673828125,1,0.908935904502869
139.958724975586,1,0.90966135263443
140.604751586914,1,0.910381853580475
141.253753662109,1,0.911097466945648
141.905746459961,1,0.911808133125305
142.560760498047,1,0.912513971328735
143.218795776367,1,0.913214981555939
143.879852294922,1,0.913911163806915
144.543975830078,1,0.914602518081665
145.211166381836,1,0.915289044380188
145.881423950195,1,0.915970802307129
146.554779052734,1,0.916647851467133
147.231246948242,1,0.917320191860199
147.910842895508,1,0.917987763881683
148.593566894531,1,0.91865074634552
149.279434204102,1,0.919309020042419
149.968490600586,1,0.919962644577026
150.660705566406,1,0.920611679553986
151.35612487793,1,0.921256124973297
152.054748535156,1,0.921895921230316
152.756607055664,1,0.922531247138977
153.461700439453,1,0.92316198348999
154.170043945313,1,0.92378830909729
154.88166809082,1,0.924410104751587
155.596557617187,1,0.925027430057526
156.314758300781,1,0.925640344619751
157.036285400391,1,0.926248788833618
157.761123657227,1,0.926852822303772
158.489318847656,1,0.927452564239502
159.22087097168,1,0.928047895431519
159.955795288086,1,0.928638935089111
160.694122314453,1,0.92922568321228
161.435852050781,1,0.929808139801025
162.181015014648,1,0.930386304855347
162.929595947266,1,0.930960297584534
163.681655883789,1,0.931530058383942
164.43717956543,1,0.932095587253571
165.196182250977,1,0.932656943798065
165.958694458008,1,0.933214247226715
166.724716186523,1,0.933767378330231
167.494293212891,1,0.934316337108612
168.26741027832,1,0.934861302375793
169.044097900391,1,0.935402154922485
169.824371337891,1,0.935939013957977
170.608245849609,1,0.936471879482269
171.395736694336,1,0.937000691890717
172.186859130859,1,0.937525629997253
172.981628417969,1,0.93804657459259
173.780090332031,1,0.938563644886017
174.582214355469,1,0.939076721668243
175.388046264648,1,0.939586043357849
176.197601318359,1,0.940091371536255
177.010894775391,1,0.940593004226685
177.827941894531,1,0.941090762615204
178.64875793457,1,0.941584765911102
179.473358154297,1,0.94207501411438
180.301773071289,1,0.942561507225037
181.134002685547,1,0.943044245243073
181.970092773438,1,0.943523347377777
182.810028076172,1,0.94399881362915
183.653839111328,1,0.944470524787903
184.501541137695,1,0.944938659667969
185.353164672852,1,0.945403218269348
186.208709716797,1,0.945864200592041
187.068206787109,1,0.946321547031403
187.931686401367,1,0.946775436401367
188.799133300781,1,0.947225749492645
189.670593261719,1,0.947672605514526
190.54606628418,1,0.948115944862366
191.425598144531,1,0.948555886745453
192.309173583984,1,0.948992371559143
193.196838378906,1,0.949425399303436
194.088592529297,1,0.949855089187622
194.984466552734,1,0.9502814412117
195.884460449219,1,0.950704455375671
196.788635253906,1,0.951124131679535
197.696960449219,1,0.951540470123291
198.609497070313,1,0.951953589916229
199.526229858398,1,0.952363431453705
200.447204589844,1,0.952770054340362
201.372421264648,1,0.953173398971558
202.301910400391,1,0.95357358455658
203.235702514648,1,0.953970670700073
204.173797607422,1,0.954364538192749
205.1162109375,1,0.954755246639252
206.06298828125,1,0.955142915248871
207.014129638672,1,0.955527424812317
207.969665527344,1,0.955908894538879
208.929611206055,1,0.956287324428558
209.893981933594,1,0.956662774085999
210.862808227539,1,0.95703512430191
211.836120605469,1,0.957404553890228
212.813903808594,1,0.957771062850952
213.796203613281,1,0.958134531974792
214.783050537109,1,0.958495080471039
215.774444580078,1,0.958852767944336
216.770416259766,1,0.959207594394684
217.770980834961,1,0.959559500217438
218.776168823242,1,0.959908604621887
219.785980224609,1,0.960254848003387
220.800476074219,1,0.960598349571228
221.819641113281,1,0.960938990116119
222.843521118164,1,0.961276888847351
223.872116088867,1,0.961612045764923
224.905456542969,1,0.961944460868835
225.943572998047,1,0.962274193763733
226.986480712891,1,0.962601244449615
228.034210205078,1,0.962925553321838
229.086761474609,1,0.963247299194336
230.144180297852,1,0.963566422462463
231.206481933594,1,0.963882863521576
232.273681640625,1,0.964196741580963
233.345809936523,1,0.964508056640625
234.422882080078,1,0.964816808700562
235.504928588867,1,0.965123057365417
236.59196472168,1,0.965426683425903
237.684036254883,1,0.965727925300598
238.781127929687,1,0.966026604175568
239.883285522461,1,0.966322839260101
240.990539550781,1,0.966616570949554
242.102905273438,1,0.966907978057861
243.220397949219,1,0.967196941375732
244.343048095703,1,0.967483520507812
245.470886230469,1,0.967767655849457
246.603927612305,1,0.968049466609955
247.742202758789,1,0.968329012393951
248.885726928711,1,0.968606114387512
250.034530639648,1,0.968880951404572
251.18864440918,1,0.969153583049774
252.348083496094,1,0.969423830509186
253.51286315918,1,0.969691872596741
254.683029174805,1,0.969957649707794
255.858581542969,1,0.970221281051636
257.039581298828,1,0.970482587814331
258.226013183594,1,0.970741748809814
259.417938232422,1,0.970998823642731
260.615356445313,1,0.97125369310379
261.818298339844,1,0.971506416797638
263.026794433594,1,0.971756935119629
264.240875244141,1,0.972005426883698
265.460571289062,1,0.972251892089844
266.685852050781,1,0.972496151924133
267.916839599609,1,0.972738444805145
269.153472900391,1,0.97297865152359
270.395843505859,1,0.973216891288757
271.643920898438,1,0.973453044891357
272.897766113281,1,0.97368723154068
274.157409667969,1,0.97391939163208
275.422882080078,1,0.974149703979492
276.694152832031,1,0.974377989768982
277.971313476562,1,0.974604368209839
279.25439453125,1,0.974828720092773
280.543365478516,1,0.975051283836365
281.838287353516,1,0.975271940231323
283.139190673828,1,0.975490689277649
284.446105957031,1,0.975707650184631
285.759063720703,1,0.975922703742981
287.078063964844,1,0.976135909557343
288.403137207031,1,0.976347327232361
289.734344482422,1,0.976556956768036
291.071716308594,1,0.976764738559723
292.415252685547,1,0.976970791816711
293.764953613281,1,0.977175056934357
295.120910644531,1,0.977377653121948
296.483123779297,1,0.977578461170196
297.851654052734,1,0.977777540683746
299.226470947266,1,0.977974891662598
300.607635498047,1,0.978170573711395
301.995178222656,1,0.978364586830139
303.389129638672,1,0.978556931018829
304.789489746094,1,0.978747606277466
306.196350097656,1,0.978936672210693
307.609680175781,1,0.979124069213867
309.029541015625,1,0.979309916496277
310.455963134766,1,0.979494154453278
311.888946533203,1,0.979676783084869
313.328582763672,1,0.979857802391052
314.774841308594,1,0.980037271976471
316.227752685547,1,0.98021525144577
317.687408447266,1,0.980391621589661
319.153778076172,1,0.980566501617432
320.626922607422,1,0.980739951133728
322.106872558594,1,0.980911791324615
323.593658447266,1,0.981082201004028
325.087310791016,1,0.981251060962677
326.587829589844,1,0.981418550014496
328.095306396484,1,0.981584548950195
329.609710693359,1,0.98174911737442
331.131134033203,1,0.98191225528717
332.659545898438,1,0.982073962688446
334.195037841797,1,0.982234299182892
335.737609863281,1,0.982393205165863
337.287322998047,1,0.982550740242004
338.844146728516,1,0.982706904411316
340.408203125,1,0.982861697673798
341.979431152344,1,0.983015179634094
343.557952880859,1,0.983167290687561
345.143737792969,1,0.983318090438843
346.736846923828,1,0.983467578887939
348.337310791016,1,0.983615815639496
349.945159912109,1,0.983762681484222
351.560455322266,1,0.983908295631409
353.183166503906,1,0.98405259847641
354.813385009766,1,0.984195709228516
356.451141357422,1,0.984337508678436
358.096435546875,1,0.984478056430817
359.749328613281,1,0.984617412090302
361.409851074219,1,0.984755575656891
363.078063964844,1,0.98489248752594
364.753936767578,1,0.985028207302094
366.437561035156,1,0.985162734985352
368.128967285156,1,0.985296070575714
369.828186035156,1,0.985428333282471
371.535217285156,1,0.985559284687042
373.250152587891,1,0.985689163208008
374.972991943359,1,0.985817909240723
376.703796386719,1,0.985945522785187
378.442596435547,1,0.9860720038414
380.189392089844,1,0.986197412014008
381.944274902344,1,0.986321687698364
383.707244873047,1,0.98644483089447
385.478363037109,1,0.98656690120697
387.257659912109,1,0.986687898635864
389.045135498047,1,0.986807882785797
390.840881347656,1,0.986926794052124
392.644927978516,1,0.987044632434845
394.457305908203,1,0.98716139793396
396.278045654297,1,0.987277209758759
398.107177734375,1,0.987391948699951
399.944763183594,1,0.987505674362183
401.790802001953,1,0.987618446350098
403.645385742188,1,0.987730145454407
405.508544921875,1,0.987840890884399
407.380279541016,1,0.987950682640076
409.260650634766,1,0.988059461116791
411.149719238281,1,0.988167345523834
413.047515869141,1,0.988274157047272
414.954040527344,1,0.988380134105682
416.869384765625,1,0.988485157489777
418.793579101562,1,0.98858916759491
420.726623535156,1,0.988692343235016
422.668609619141,1,0.988794565200806
424.619567871094,1,0.988895952701569
426.579528808594,1,0.98899632692337
428.548522949219,1,0.989095866680145
430.526611328125,1,0.989194512367249
432.513824462891,1,0.98929226398468
434.510223388672,1,0.989389181137085
436.515838623047,1,0.989485204219818
438.530700683594,1,0.989580392837524
440.554870605469,1,0.989674746990204
442.58837890625,1,0.989768266677856
444.631256103516,1,0.989860951900482
446.68359375,1,0.989952802658081
448.745391845703,1,0.990043818950653
450.816711425781,1,0.990134060382843
452.897583007812,1,0.990223467350006
454.988067626953,1,0.990312099456787
457.088195800781,1,0.990399897098541
459.197998046875,1,0.990486919879913
461.317565917969,1,0.990573227405548
463.446929931641,1,0.990658760070801
465.586090087891,1,0.990743458271027
467.735137939453,1,0.990827441215515
469.894104003906,1,0.990910708904266
472.063049316406,1,0.990993142127991
474.241973876953,1,0.991074919700623
476.430999755859,1,0.991155982017517
478.630096435547,1,0.99123626947403
480.83935546875,1,0.991315841674805
483.058807373047,1,0.991394758224487
485.288513183594,1,0.991472899913788
487.528503417969,1,0.991550326347351
489.77880859375,1,0.991627097129822
492.03955078125,1,0.9917032122612
494.310699462891,1,0.991778612136841
496.592315673828,1,0.991853296756744
498.884490966797,1,0.9919273853302
501.187225341797,1,0.992000818252563
503.500610351562,1,0.99207353591919
505.824676513672,1,0.992145597934723
508.159454345703,1,0.992217004299164
510.505004882812,1,0.992287814617157
512.861389160156,1,0.992357969284058
515.228637695313,1,0.99242752790451
517.606811523438,1,0.992496430873871
519.995971679687,1,0.992564737796783
522.396179199219,1,0.992632389068604
524.807434082031,1,0.992699503898621
527.229858398438,1,0.992765963077545
529.663452148438,1,0.992831826210022
532.108276367188,1,0.992897093296051
534.564331054687,1,0.992961764335632
537.031799316406,1,0.993025898933411
539.510620117188,1,0.993089437484741
542.000915527344,1,0.993152439594269
544.502624511719,1,0.993214786052704
547.015991210937,1,0.993276596069336
549.540893554687,1,0.993337869644165
552.077453613281,1,0.993398606777191
554.625732421875,1,0.993458747863769
557.185729980469,1,0.99351841211319
559.757629394531,1,0.993577539920807
562.34130859375,1,0.993636071681976
564.936950683594,1,0.993694126605988
567.544616699219,1,0.993751645088196
570.164245605469,1,0.993808627128601
572.796020507812,1,0.993865132331848
575.43994140625,1,0.993921041488647
578.096069335938,1,0.993976593017578
580.764404296875,1,0.994031488895416
583.445129394531,1,0.994085967540741
586.13818359375,1,0.994139969348908
588.843627929688,1,0.994193494319916
591.561645507812,1,0.994246482849121
594.292175292969,1,0.994298994541168
597.035278320312,1,0.994351029396057
599.791076660156,1,0.994402587413788
602.5595703125,1,0.994453728199005
605.340881347656,1,0.994504392147064
608.135009765625,1,0.994554579257965
610.942016601562,1,0.994604349136353
613.762023925781,1,0.994653642177582
616.595031738281,1,0.994702458381653
619.441101074219,1,0.99475085735321
622.30029296875,1,0.994798839092255
625.172668457031,1,0.994846403598785
628.058349609375,1,0.994893431663513
630.957336425781,1,0.994940161705017
633.869689941406,1,0.994986355304718
636.795532226563,1,0.995032250881195
639.73486328125,1,0.995077610015869
642.687744140625,1,0.995122611522675
645.654235839844,1,0.995167255401611
648.634460449219,1,0.99521142244339
651.62841796875,1,0.995255172252655
654.636169433594,1,0.995298624038696
657.657836914062,1,0.995341598987579
660.693420410156,1,0.995384216308594
663.743041992188,1,0.995426416397095
666.806762695313,1,0.995468258857727
669.884582519531,1,0.995509743690491
672.976684570312,1,0.995550751686096
676.082946777344,1,0.995591461658478
679.20361328125,1,0.995631814002991
682.338684082031,1,0.995671808719635
685.488220214844,1,0.995711386203766
688.652282714844,1,0.995750665664673
691.830993652344,1,0.995789527893066
695.024291992188,1,0.995828092098236
698.232421875,1,0.995866239070892
701.455322265625,1,0.995904147624969
704.693054199219,1,0.995941579341888
707.94580078125,1,0.995978772640228
711.213500976563,1,0.996015548706055
714.496337890625,1,0.996052026748657
717.794311523437,1,0.996088147163391
721.107482910156,1,0.996124029159546
724.435974121094,1,0.996159493923187
727.77978515625,1,0.99619460105896
731.139099121094,1,0.996229469776154
734.513854980469,1,0.996264040470123
737.904235839844,1,0.99629819393158
741.310241699219,1,0.996332168579102
744.731994628906,1,0.99636572599411
748.169494628906,1,0.996398985385895
751.622863769531,1,0.9964320063591
755.092224121094,1,0.996464669704437
758.577575683594,1,0.99649703502655
762.079040527344,1,0.996529102325439
765.596618652344,1,0.99656093120575
769.130432128906,1,0.996592402458191
772.680603027344,1,0.996623635292053
776.247131347656,1,0.996654510498047
779.830139160156,1,0.996685206890106
783.429626464844,1,0.996715545654297
787.045776367187,1,0.996745586395264
790.678649902344,1,0.996775388717651
794.328247070312,1,0.99680495262146
797.994689941406,1,0.996834218502045
801.678039550781,1,0.996863186359406
805.37841796875,1,0.996891915798187
809.095886230469,1,0.99692040681839
812.830505371094,1,0.996948599815369
816.582397460937,1,0.996976613998413
820.3515625,1,0.997004270553589
824.138122558594,1,0.997031688690186
827.942138671875,1,0.997058868408203
831.763793945313,1,0.997085809707642
835.60302734375,1,0.997112452983856
839.4599609375,1,0.997138917446136
843.334777832031,1,0.997165083885193
847.227416992188,1,0.99719113111496
851.138061523437,1,0.997216820716858
855.066711425781,1,0.997242271900177
859.013549804687,1,0.997267544269562
862.978576660156,1,0.997292578220367
866.961853027344,1,0.997317314147949
870.963562011719,1,0.997341871261597
874.983764648438,1,0.997366189956665
879.022521972656,1,0.997390329837799
883.079895019531,1,0.997414171695709
887.156005859375,1,0.997437834739685
891.250915527344,1,0.997461318969727
895.36474609375,1,0.997484505176544
899.49755859375,1,0.997507512569427
903.649475097656,1,0.997530341148376
907.820556640625,1,0.997552931308746
912.010864257812,1,0.997575283050537
916.220520019531,1,0.997597455978394
920.449584960937,1,0.997619450092316
924.698181152344,1,0.997641205787659
928.966369628906,1,0.997662782669067
933.254272460937,1,0.997684121131897
937.56201171875,1,0.997705280780792
941.889587402344,1,0.997726261615753
946.237182617187,1,0.99774706363678
950.604797363281,1,0.997767567634583
954.992614746094,1,0.99778801202774
959.400634765625,1,0.997808218002319
963.829040527344,1,0.997828185558319
968.27783203125,1,0.997848093509674
972.747253417969,1,0.997867703437805
977.237243652344,1,0.997887134552002
981.747924804687,1,0.997906386852264
986.279479980469,1,0.997925579547882
990.831970214844,1,0.997944474220276
995.405395507812,1,0.997963190078735
1000,1,0.997981786727905
1004.61578369141,1,0.998000204563141
1009.25286865234,1,0.998018443584442
1013.91137695312,1,0.998036444187164
1018.59136962891,1,0.998054385185242
1023.29296875,1,0.998072028160095
1028.01635742188,1,0.998089611530304
1032.76135253906,1,0.998107016086578
1037.52844238281,1,0.998124241828918
1042.3173828125,1,0.998141288757324
1047.12854003906,1,0.99815821647644
1051.9619140625,1,0.998174965381622
1056.81750488281,1,0.99819153547287
1061.69555664062,1,0.998207986354828
1066.59606933594,1,0.998224258422852
1071.51928710938,1,0.998240351676941
1076.46520996094,1,0.998256385326386
1081.43395996094,1,0.998272180557251
1086.42565917969,1,0.998287916183472
1091.44030761719,1,0.998303413391113
1096.47814941406,1,0.998318791389465
1101.53930664062,1,0.998334050178528
1106.62377929688,1,0.998349130153656
1111.73168945312,1,0.998364090919495
1116.86328125,1,0.998378872871399
1122.01843261719,1,0.998393595218658
1127.19750976562,1,0.998408079147339
1132.400390625,1,0.99842244386673
1137.62731933594,1,0.998436748981476
1142.87829589844,1,0.998450875282288
1148.15356445312,1,0.998464822769165
1153.45324707031,1,0.998478710651398
1158.77734375,1,0.998492419719696
1164.1259765625,1,0.998506009578705
1169.49938964844,1,0.998519539833069
1174.89758300781,1,0.998532831668854
1180.32067871094,1,0.998546004295349
1185.76879882812,1,0.9985591173172
1191.24206542969,1,0.998572051525116
1196.74047851562,1,0.998584926128387
1202.26440429688,1,0.998597621917725
1207.81384277344,1,0.998610198497772
1213.38879394531,1,0.998622715473175
1218.98962402344,1,0.998634994029999
1224.6162109375,1,0.998647212982178
1230.26879882812,1,0.998659372329712
1235.94738769531,1,0.998671352863312
1241.65234375,1,0.998683214187622
1247.38354492188,1,0.998694956302643
1253.14123535156,1,0.998706638813019
1258.92541503906,1,0.99871814250946
1264.736328125,1,0.998729586601257
1270.57409667969,1,0.998740911483765
1276.43884277344,1,0.998752117156982
1282.33056640625,1,0.998763263225555
1288.24951171875,1,0.998774230480194
1294.19580078125,1,0.998785138130188
1300.16955566406,1,0.998795926570892
1306.1708984375,1,0.998806536197662
1312.19995117188,1,0.998817086219788
1318.25671386719,1,0.998827576637268
1324.34155273438,1,0.998837947845459
1330.45446777344,1,0.99884819984436
1336.59545898438,1,0.998858392238617
1342.76501464844,1,0.998868405818939
1348.962890625,1,0.998878359794617
1355.189453125,1,0.998888194561005
1361.44470214844,1,0.998897969722748
1367.72888183594,1,0.998907685279846
1374.0419921875,1,0.998917281627655
1380.38427734375,1,0.99892669916153
1386.755859375,1,0.998936116695404
1393.15686035156,1,0.998945415019989
1399.58728027344,1,0.998954594135284
1406.04748535156,1,0.998963713645935
1412.53759765625,1,0.998972713947296
1419.05749511719,1,0.998981595039368
1425.60754394531,1,0.998990476131439
1432.18786621094,1,0.998999238014221
1438.79858398438,1,0.999007821083069
1445.43981933594,1,0.999016404151917
1452.11157226562,1,0.999024927616119
1458.81420898438,1,0.999033331871033
1465.5478515625,1,0.999041616916657
1472.3125,1,0.999049842357635
1479.1083984375,1,0.99905800819397
1485.93566894531,1,0.999066054821014
1492.79443359375,1,0.999074041843414
1499.68481445313,1,0.999081909656525
1506.60705566406,1,0.999089777469635
1513.56127929687,1,0.999097466468811
1520.54748535156,1,0.999105095863342
1527.56604003906,1,0.999112725257874
1534.61694335938,1,0.99912017583847
1541.70043945313,1,0.999127626419067
1548.81665039062,1,0.999134957790375
1555.96557617187,1,0.999142169952393
1563.14758300781,1,0.999149441719055
1570.36279296875,1,0.999156475067139
1577.611328125,1,0.999163568019867
1584.89318847656,1,0.999170541763306
1592.20874023438,1,0.999177396297455
1599.55798339844,1,0.999184250831604
1606.94128417969,1,0.999190926551819
1614.35852050781,1,0.999197661876679
1621.81005859375,1,0.999204277992249
1629.29602050781,1,0.999210774898529
1636.81652832031,1,0.999217212200165
1644.37170410156,1,0.999223649501801
1651.96179199219,1,0.999229967594147
1659.5869140625,1,0.999236166477203
1667.24719238281,1,0.99924236536026
1674.94287109375,1,0.999248504638672
1682.67407226562,1,0.999254524707794
1690.44091796875,1,0.999260544776916
1698.24365234375,1,0.999266445636749
1706.08239746094,1,0.999272286891937
1713.95727539062,1,0.999278068542481
1721.86853027344,1,0.999283850193024
1729.81640625,1,0.999289453029633
1737.80078125,1,0.999295115470886
1745.82214355469,1,0.999300599098206
1753.88049316406,1,0.999306082725525
1761.97607421875,1,0.999311506748199
1770.10900878906,1,0.999316811561585
1778.27941894531,1,0.999322056770325
1786.48754882813,1,0.999327301979065
1794.73364257813,1,0.99933248758316
1803.01770019531,1,0.999337553977966
1811.34008789062,1,0.999342620372772
1819.70080566406,1,0.999347627162933
1828.10021972656,1,0.999352514743805
1836.53833007813,1,0.999357402324676
1845.01538085938,1,0.999362230300903
1853.53161621094,1,0.999366939067841
1862.08715820313,1,0.999371647834778
1870.68212890625,1,0.99937629699707
1879.31677246094,1,0.999380886554718
1887.99133300781,1,0.999385356903076
1896.70593261719,1,0.999389827251434
1905.46069335938,1,0.999394237995148
1914.25598144531,1,0.999398648738861
1923.09167480469,1,0.99940288066864
1931.96826171875,1,0.999407172203064
1940.88586425781,1,0.999411344528198
1949.84460449219,1,0.999415516853332
1958.8447265625,1,0.999419569969177
1967.88623046875,1,0.999423623085022
1976.96960449219,1,0.999427616596222
1986.09497070313,1,0.999431550502777
1995.26232910156,1,0.999435424804687
2004.47204589844,1,0.999439239501953
2013.72424316406,1,0.999442994594574
2023.01916503906,1,0.999446749687195
2032.35705566406,1,0.999450445175171
2041.73791503906,1,0.999454081058502
2051.162109375,1,0.999457657337189
2060.6298828125,1,0.99946117401123
2070.14135742187,1,0.999464631080627
2079.69677734375,1,0.999468088150024
2089.29614257813,1,0.999471426010132
2098.93994140625,1,0.999474823474884
2108.62817382813,1,0.999478042125702
2118.36108398438,1,0.999481320381165
2128.13916015625,1,0.999484479427338
2137.96215820313,1,0.999487638473511
2147.83056640625,1,0.999490678310394
2157.74438476562,1,0.999493777751923
2167.7041015625,1,0.999496757984161
2177.70971679687,1,0.9994997382164
2187.76171875,1,0.999502658843994
2197.85986328125,1,0.999505519866943
2208.00463867187,1,0.999508321285248
2218.19653320313,1,0.999511063098908
2228.43505859375,1,0.999513804912567
2238.72119140625,1,0.999516487121582
2249.0546875,1,0.999519169330597
2259.43579101562,1,0.999521732330322
2269.86474609375,1,0.999524295330048
2280.34204101562,1,0.999526798725128
2290.86767578125,1,0.999529242515564
2301.44189453125,1,0.999531686306
2312.06469726562,1,0.999534010887146
2322.73681640625,1,0.999536335468292
2333.4580078125,1,0.999538660049438
2344.22875976562,1,0.999540865421295
2355.04931640625,1,0.999543130397797
2365.91967773438,1,0.999545276165009
2376.84033203125,1,0.999547362327576
2387.81127929687,1,0.999549508094788
2398.8330078125,1,0.99955153465271
2409.90551757813,1,0.999553501605988
2421.02905273438,1,0.999555468559265
2432.2041015625,1,0.999557375907898
2443.4306640625,1,0.999559223651886
2454.708984375,1,0.999561071395874
2466.03930664062,1,0.999562919139862
2477.42211914062,1,0.999564647674561
2488.857421875,1,0.999566316604614
2500.34545898438,1,0.999567985534668
2511.88647460938,1,0.999569594860077
2523.48071289062,1,0.999571204185486
2535.12866210938,1,0.99957275390625
2546.83032226562,1,0.999574303627014
2558.5859375,1,0.999575734138489
2570.39575195313,1,0.999577164649963
2582.26025390625,1,0.999578535556793
2594.17944335938,1,0.999579966068268
2606.15356445313,1,0.999581217765808
2618.18310546875,1,0.999582529067993
2630.26806640625,1,0.999583721160889
2642.40869140625,1,0.999584913253784
2654.60546875,1,0.999586045742035
2666.85864257813,1,0.999587178230286
2679.16821289062,1,0.999588251113892
2691.53491210938,1,0.999589323997498
2703.95825195313,1,0.999590337276459
2716.43920898438,1,0.999591290950775
2728.97778320313,1,0.999592244625092
2741.57421875,1,0.999593138694763
2754.22875976562,1,0.99959397315979
2766.94165039062,1,0.999594748020172
2779.71337890625,1,0.999595522880554
2792.5439453125,1,0.999596297740936
2805.43359375,1,0.999596953392029
2818.3828125,1,0.999597609043121
2831.39208984375,1,0.999598264694214
2844.46118164062,1,0.999598860740662
2857.59057617187,1,0.999599397182465
2870.78051757813,1,0.999599933624268
2884.03149414063,1,0.999600350856781
2897.34350585937,1,0.999600768089294
2910.71704101562,1,0.999601185321808
2924.15234375,1,0.999601542949677
2937.64965820313,1,0.999601900577545
2951.20922851562,1,0.999602138996124
2964.83129882812,1,0.999602437019348
2978.51635742188,1,0.999602615833282
2992.2646484375,1,0.999602794647217
3006.07641601562,1,0.999602973461151
3019.95166015625,1,0.999603033065796
3033.89111328125,1,0.999603092670441
3047.89501953125,1,0.999603152275085
3061.96337890625,1,0.999603152275085
3076.09692382812,1,0.999603092670441
3090.29541015625,1,0.999602973461151
3104.5595703125,1,0.999602854251862
3118.8896484375,1,0.999602675437927
3133.28564453125,1,0.999602496623993
3147.74829101562,1,0.999602258205414
3162.27758789063,1,0.999602019786835
3176.8740234375,1,0.999601662158966
3191.53784179687,1,0.999601304531097
3206.26928710937,1,0.999600946903229
3221.06884765625,1,0.999600529670715
3235.9365234375,1,0.999600052833557
3250.873046875,1,0.999599516391754
3265.87841796875,1,0.999598979949951
3280.95288085937,1,0.999598443508148
3296.09716796875,1,0.9995978474617
3311.31127929687,1,0.999597191810608
3326.59545898438,1,0.999596536159515
3341.95043945313,1,0.999595761299133
3357.37622070313,1,0.999595046043396
3372.873046875,1,0.999594211578369
3388.44165039063,1,0.999593436717987
3404.08178710937,1,0.999592542648315
3419.79443359375,1,0.999591588973999
3435.57958984375,1,0.999590635299683
3451.4375,1,0.999589681625366
3467.36840820313,1,0.99958860874176
3483.373046875,1,0.999587535858154
3499.45166015625,1,0.999586462974548
3515.6044921875,1,0.999585330486298
3531.83178710937,1,0.999584138393402
3548.1337890625,1,0.999582886695862
3564.51123046875,1,0.999581694602966
3580.96435546875,1,0.999580323696136
3597.49340820313,1,0.999579012393951
3614.0986328125,1,0.999577641487122
3630.78051757812,1,0.999576270580292
3647.53955078125,1,0.999574780464172
3664.37573242188,1,0.999573230743408
3681.28979492188,1,0.999571740627289
3698.28173828125,1,0.99957013130188
3715.35229492188,1,0.999568581581116
3732.50146484375,1,0.999566912651062
3749.72998046875,1,0.999565184116364
3767.0380859375,1,0.999563455581665
3784.42578125,1,0.999561667442322
3801.89404296875,1,0.999559879302979
3819.44262695313,1,0.99955803155899
3837.07250976562,1,0.999556124210358
3854.78369140625,1,0.999554216861725
3872.57641601562,1,0.999552190303802
3890.45141601562,1,0.999550223350525
3908.40893554687,1,0.999548137187958
3926.44946289063,1,0.999545991420746
3944.57299804687,1,0.999543845653534
3962.7802734375,1,0.999541699886322
3981.07177734375,1,0.999539434909821
3999.44750976562,1,0.999537110328674
4017.908203125,1,0.999534845352173
4036.45385742188,1,0.999532520771027
4055.08544921875,1,0.999530076980591
4073.802734375,1,0.999527633190155
4092.60668945313,1,0.999525129795074
4111.4970703125,1,0.999522626399994
4130.47509765625,1,0.999520003795624
4149.54052734375,1,0.999517381191254
4168.69384765625,1,0.999514698982239
4187.935546875,1,0.999512016773224
4207.26611328125,1,0.999509274959564
4226.68603515625,1,0.999506413936615
4246.19580078125,1,0.999503612518311
4265.79541015625,1,0.999500691890717
4285.4853515625,1,0.999497771263123
4305.26611328125,1,0.999494791030884
4325.13818359375,1,0.999491751194
4345.10205078125,1,0.999488711357117
4365.158203125,1,0.999485552310944
4385.30712890625,1,0.999482333660126
4405.548828125,1,0.999479115009308
4425.8837890625,1,0.99947589635849
4446.3125,1,0.999472618103027
4466.8359375,1,0.999469220638275
4487.4541015625,1,0.999465823173523
4508.1669921875,1,0.999462306499481
4528.9755859375,1,0.999458849430084
4549.88037109375,1,0.999455273151398
4570.8818359375,1,0.999451696872711
4591.97998046875,1,0.999448001384735
4613.17578125,1,0.999444246292114
4634.46923828125,1,0.999440550804138
4655.86083984375,1,0.999436736106873
4677.3515625,1,0.999432802200317
4698.94091796875,1,0.999428927898407
4720.63037109375,1,0.999424934387207
4742.419921875,1,0.999420940876007
4764.31005859375,1,0.999416887760162
4786.30078125,1,0.999412775039673
4808.3935546875,1,0.999408602714539
4830.587890625,1,0.999404311180115
4852.884765625,1,0.999400079250336
4875.28466796875,1,0.999395728111267
4897.7880859375,1,0.999391376972199
4920.3955078125,1,0.99938690662384
4943.10693359375,1,0.999382376670837
4965.92333984375,1,0.999377846717834
4988.8447265625,1,0.999373197555542
5011.87255859375,1,0.99936854839325
5035.005859375,1,0.999363780021667
5058.24658203125,1,0.999359011650086
5081.59423828125,1,0.999354183673859
5105.0498046875,1,0.999349296092987
5128.61376953125,1,0.999344289302826
5152.28662109375,1,0.99933922290802
5176.068359375,1,0.999334216117859
5199.9599609375,1,0.999329090118408
5223.9619140625,1,0.999323904514313
5248.07470703125,1,0.999318599700928
5272.298828125,1,0.999313235282898
5296.63427734375,1,0.999307930469513
5321.08251953125,1,0.999302446842194
5345.6435546875,1,0.999296963214874
5370.31787109375,1,0.999291360378265
5395.1064453125,1,0.999285757541656
5420.0087890625,1,0.999279975891113
5445.0263671875,1,0.99927431344986
5470.15966796875,1,0.999268412590027
5495.40869140625,1,0.999262571334839
5520.7744140625,1,0.999256610870361
5546.25732421875,1,0.999250531196594
5571.857421875,1,0.999244451522827
5597.576171875,1,0.999238312244415
5623.4130859375,1,0.999232113361359
5649.36962890625,1,0.999225735664368
5675.4462890625,1,0.999219417572022
5701.642578125,1,0.999212980270386
5727.96044921875,1,0.99920642375946
5754.3994140625,1,0.999199867248535
5780.96044921875,1,0.99919319152832
5807.64404296875,1,0.999186515808105
5834.451171875,1,0.999179720878601
5861.3818359375,1,0.999172806739807
5888.4365234375,1,0.999165892601013
5915.6162109375,1,0.999158918857574
5942.92138671875,1,0.999151825904846
5970.35302734375,1,0.999144673347473
5997.91064453125,1,0.999137461185455
6025.595703125,1,0.999130129814148
6053.40869140625,1,0.999122679233551
6081.35009765625,1,0.999115228652954
6109.42041015625,1,0.999107718467712
6137.6201171875,1,0.999100089073181
6165.9501953125,1,0.99909234046936
6194.41064453125,1,0.99908459186554
6223.0029296875,1,0.999076724052429
6251.72705078125,1,0.999068737030029
6280.58349609375,1,0.999060690402985
6309.5732421875,1,0.999052584171295
6338.697265625,1,0.999044358730316
6367.955078125,1,0.999036133289337
6397.34814453125,1,0.999027729034424
6426.876953125,1,0.999019265174866
6456.54248046875,1,0.999010741710663
6486.34423828125,1,0.99900209903717
6516.2841796875,1,0.998993456363678
6546.36181640625,1,0.998984634876251
6576.57861328125,1,0.998975694179535
6606.9345703125,1,0.998966753482819
6637.4306640625,1,0.998957633972168
6668.06787109375,1,0.998948514461517
6698.84619140625,1,0.998939216136932
6729.7666015625,1,0.998929917812347
6760.82958984375,1,0.998920440673828
6792.0361328125,1,0.998910903930664
6823.38671875,1,0.99890124797821
6854.88232421875,1,0.998891532421112
6886.52294921875,1,0.998881757259369
6918.3095703125,1,0.998871743679047
6950.2431640625,1,0.998861789703369
6982.32421875,1,0.998851597309113
7014.55322265625,1,0.998841404914856
7046.9306640625,1,0.998831033706665
7079.4580078125,1,0.998820662498474
7112.13525390625,1,0.998810112476349
7144.96337890625,1,0.998799502849579
7177.94287109375,1,0.998788774013519
7211.07470703125,1,0.99877792596817
7244.359375,1,0.998766958713532
7277.7978515625,1,0.998755872249603
7311.390625,1,0.99874472618103
7345.138671875,1,0.998733460903168
7379.04248046875,1,0.998722076416016
7413.1025390625,1,0.998710513114929
7447.31982421875,1,0.998698890209198
7481.69482421875,1,0.998687207698822
7516.22900390625,1,0.998675346374512
7550.92236328125,1,0.998663425445557
7585.77587890625,1,0.998651325702667
7620.7900390625,1,0.998639166355133
7655.96630859375,1,0.998626828193665
7691.30419921875,1,0.998614430427551
7726.8056640625,1,0.998601853847504
7762.47119140625,1,0.998589217662811
7798.30126953125,1,0.998576402664185
7834.29638671875,1,0.998563468456268
7870.4580078125,1,0.998550415039063
7906.7861328125,1,0.998537302017212
7943.2822265625,1,0.998524010181427
7979.94677734375,1,0.998510599136353
8016.78076171875,1,0.998497009277344
8053.7841796875,1,0.998483300209045
8090.958984375,1,0.998469531536102
8128.30517578125,1,0.998455584049225
8165.82373046875,1,0.998441517353058
8203.515625,1,0.998427271842957
8241.380859375,1,0.99841296672821
8279.421875,1,0.998398423194885
8317.6376953125,1,0.998383820056915
8356.0302734375,1,0.998369038105011
8394.599609375,1,0.998354196548462
8433.34765625,1,0.998339176177978
8472.2744140625,1,0.998323917388916
8511.380859375,1,0.998308598995209
8550.6669921875,1,0.998293161392212
8590.134765625,1,0.998277485370636
8629.78515625,1,0.99826169013977
8669.619140625,1,0.99824583530426
8709.6357421875,1,0.998229742050171
8749.837890625,1,0.998213469982147
8790.2255859375,1,0.998197138309479
8830.798828125,1,0.998180508613586
8871.560546875,1,0.998163878917694
8912.509765625,1,0.998147010803223
8953.6474609375,1,0.998129963874817
8994.9755859375,1,0.998112857341766
9036.4951171875,1,0.998095452785492
9078.205078125,1,0.998077988624573
9120.1083984375,1,0.998060345649719
9162.205078125,1,0.998042464256287
9204.49609375,1,0.998024463653564
9246.9814453125,1,0.998006343841553
9289.6640625,1,0.997987985610962
9332.54296875,1,0.997969448566437
9375.6201171875,1,0.997950792312622
9418.8955078125,1,0.997931897640228
9462.3720703125,1,0.997912883758545
9506.0478515625,1,0.997893691062927
9549.92578125,1,0.99787425994873
9594.005859375,1,0.997854650020599
9638.2900390625,1,0.997834920883179
9682.7783203125,1,0.997814953327179
9727.47265625,1,0.997794806957245
9772.3720703125,1,0.997774481773377
9817.4794921875,1,0.997753977775574
9862.794921875,1,0.997733235359192
9908.3193359375,1,0.997712373733521
9954.0537109375,1,0.99769127368927
10000,1,0.99766993522644
10046.158203125,1,0.997648477554321
10092.529296875,1,0.997626781463623
10139.1142578125,1,0.99760490655899
10185.9140625,1,0.997582793235779
10232.9296875,1,0.997560441493988
10280.1630859375,1,0.997537970542908
10327.6142578125,1,0.997515201568604
10375.2841796875,1,0.997492253780365
10423.173828125,1,0.997469127178192
10471.28515625,1,0.99744576215744
10519.619140625,1,0.997422158718109
10568.1748046875,1,0.997398316860199
10616.9560546875,1,0.997374355792999
10665.9609375,1,0.997350037097931
10715.193359375,1,0.997325599193573
10764.65234375,1,0.997300922870636
10814.33984375,1,0.997275948524475
10864.255859375,1,0.997250735759735
10914.4033203125,1,0.997225344181061
10964.7822265625,1,0.997199773788452
11015.3935546875,1,0.997173845767975
11066.23828125,1,0.997147738933563
11117.3173828125,1,0.997121393680573
11168.6328125,1,0.997094750404358
11220.1845703125,1,0.997067928314209
11271.974609375,1,0.997040808200836
11324.00390625,1,0.997013509273529
11376.2724609375,1,0.996985852718353
11428.783203125,1,0.996958017349243
11481.5361328125,1,0.996929943561554
11534.5322265625,1,0.996901512145996
11587.7734375,1,0.996872901916504
11641.2607421875,1,0.996843934059143
11694.994140625,1,0.996814787387848
11748.9755859375,1,0.996785402297974
11803.2060546875,1,0.996755659580231
11857.6875,1,0.996725678443909
11912.419921875,1,0.996695399284363
11967.4052734375,1,0.996664881706238
12022.64453125,1,0.996634006500244
12078.138671875,1,0.996602892875671
12133.888671875,1,0.996571481227875
12189.8955078125,1,0.996539771556854
12246.162109375,1,0.996507823467255
12302.6875,1,0.996475577354431
12359.474609375,1,0.996442973613739
12416.5234375,1,0.996410071849823
12473.8349609375,1,0.996376872062683
12531.412109375,1,0.996343433856964
12589.25390625,1,0.996309638023377
12647.36328125,1,0.996275544166565
12705.7412109375,1,0.996241092681885
12764.3876953125,1,0.996206343173981
12823.3056640625,1,0.996171295642853
12882.4951171875,1,0.996135950088501
12941.9580078125,1,0.996100187301636
13001.6953125,1,0.996064186096191
13061.708984375,1,0.996027827262878
13121.9990234375,1,0.995991110801697
13182.5673828125,1,0.995954096317291
13243.4150390625,1,0.995916724205017
13304.5439453125,1,0.995878994464874
13365.955078125,1,0.995840907096863
13427.6494140625,1,0.995802521705627
13489.62890625,1,0.995763719081879
13551.89453125,1,0.995724618434906
13614.447265625,1,0.995685160160065
13677.2880859375,1,0.99564528465271
13740.419921875,1,0.995605051517487
13803.8427734375,1,0.995564460754394
13867.55859375,1,0.995523512363434
13931.568359375,1,0.995482206344605
13995.873046875,1,0.995440483093262
14060.4755859375,1,0.99539840221405
14125.375,1,0.995355904102325
14190.5751953125,1,0.995313048362732
14256.076171875,1,0.995269775390625
14321.87890625,1,0.995226144790649
14387.9853515625,1,0.995182037353516
14454.3974609375,1,0.995137572288513
14521.1162109375,1,0.995092749595642
14588.142578125,1,0.995047450065613
14655.478515625,1,0.99500173330307
14723.125,1,0.994955658912659
14791.083984375,1,0.994909107685089
14859.3564453125,1,0.994862139225006
14927.9443359375,1,0.994814813137054
14996.8486328125,1,0.9947669506073
15066.0703125,1,0.994718730449677
15135.6123046875,1,0.994670033454895
15205.4755859375,1,0.994620859622955
15275.66015625,1,0.994571268558502
15346.169921875,1,0.994521200656891
15417.0048828125,1,0.994470715522766
15488.166015625,1,0.994419813156128
15559.65625,1,0.994368374347687
15631.4765625,1,0.994316458702087
15703.6279296875,1,0.99426406621933
15776.1123046875,1,0.994211256504059
15848.931640625,1,0.994157910346985
15922.0869140625,1,0.994104087352753
15995.580078125,1,0.994049727916718
16069.412109375,1,0.993994951248169
16143.5859375,1,0.993939638137817
16218.1005859375,1,0.993883848190308
16292.9599609375,1,0.993827521800995
16368.1650390625,1,0.993770778179169
16443.716796875,1,0.99371337890625
16519.6171875,1,0.993655502796173
16595.869140625,1,0.993597149848938
16672.47265625,1,0.993538200855255
16749.4296875,1,0.993478775024414
16826.740234375,1,0.99341881275177
16904.41015625,1,0.993358254432678
16982.4375,1,0.993297100067139
17060.82421875,1,0.993235468864441
17139.572265625,1,0.993173241615295
17218.685546875,1,0.993110477924347
17298.1640625,1,0.993047177791596
17378.0078125,1,0.992983281612396
17458.220703125,1,0.992918729782104
17538.8046875,1,0.992853701114655
17619.759765625,1,0.992787957191467
17701.08984375,1,0.992721676826477
17782.794921875,1,0.992654800415039
17864.875,1,0.992587387561798
17947.3359375,1,0.992519319057465
18030.177734375,1,0.992450594902039
18113.400390625,1,0.992381274700165
18197.0078125,1,0.992311298847198
18281.001953125,1,0.99224066734314
18365.3828125,1,0.992169499397278
18450.154296875,1,0.992097616195679
18535.31640625,1,0.992025077342987
18620.87109375,1,0.991951942443848
18706.822265625,1,0.991878032684326
18793.16796875,1,0.991803586483002
18879.9140625,1,0.991728365421295
18967.05859375,1,0.991652548313141
19054.607421875,1,0.991576015949249
19142.55859375,1,0.99149876832962
19230.91796875,1,0.991420805454254
19319.68359375,1,0.991342127323151
19408.859375,1,0.991262793540955
19498.4453125,1,0.991182804107666
19588.447265625,1,0.991101980209351
19678.86328125,1,0.991020441055298
19769.697265625,1,0.990938186645508
19860.94921875,1,0.99085521697998
19952.623046875,1,0.990771472454071
20044.720703125,1,0.990687012672424
20137.2421875,1,0.990601778030396
20230.19140625,1,0.99051570892334
20323.5703125,1,0.990428924560547
20417.37890625,1,0.990341365337372
20511.62109375,1,0.990253031253815
20606.298828125,1,0.990163862705231
20701.4140625,1,0.99007385969162
20796.966796875,1,0.989983141422272
20892.9609375,1,0.989891529083252
20989.3984375,1,0.98979914188385
21086.28125,1,0.989705920219421
21183.611328125,1,0.989611864089966
21281.390625,1,0.989516973495483
21379.62109375,1,0.989421129226685
21478.3046875,1,0.989324569702148
21577.443359375,1,0.989227056503296
21677.041015625,1,0.989128649234772
21777.09765625,1,0.989029467105865
21877.6171875,1,0.988929331302643
21978.599609375,1,0.988828301429748
22080.046875,1,0.988726377487183
22181.96484375,1,0.9886234998703
22284.3515625,1,0.988519728183746
22387.2109375,1,0.988415002822876
22490.546875,1,0.988309383392334
22594.357421875,1,0.988202810287476
22698.6484375,1,0.988095343112946
22803.419921875,1,0.98798680305481
22908.67578125,1,0.987877368927002
23014.41796875,1,0.987766921520233
23120.6484375,1,0.987655520439148
23227.3671875,1,0.987543165683746
23334.580078125,1,0.987429678440094
23442.2890625,1,0.98731529712677
23550.4921875,1,0.98719984292984
23659.197265625,1,0.987083375453949
23768.40234375,1,0.986965835094452
23878.11328125,1,0.986847341060638
23988.330078125,1,0.986727714538574
24099.0546875,1,0.986607015132904
24210.291015625,1,0.986485302448273
24322.041015625,1,0.986362516880035
24434.3046875,1,0.986238539218903
24547.08984375,1,0.986113548278809
24660.392578125,1,0.985987424850464
24774.220703125,1,0.985860168933868
24888.572265625,1,0.985731840133667
25003.453125,1,0.98560231924057
25118.865234375,1,0.985471606254578
25234.80859375,1,0.985339820384979
25351.287109375,1,0.985206842422485
25468.302734375,1,0.985072731971741
25585.859375,1,0.984937369823456
25703.95703125,1,0.98480087518692
25822.6015625,1,0.984663069248199
25941.79296875,1,0.984524130821228
26061.53515625,1,0.984383940696716
26181.830078125,1,0.984242498874664
26302.6796875,1,0.984099864959717
26424.087890625,1,0.983955919742584
26546.0546875,1,0.983810722827911
26668.5859375,1,0.983664214611053
26791.68359375,1,0.983516454696655
26915.34765625,1,0.983367383480072
27039.583984375,1,0.983217060565949
27164.392578125,1,0.983065366744995
27289.77734375,1,0.982912302017212
27415.7421875,1,0.982757925987244
27542.287109375,1,0.982602179050446
27669.416015625,1,0.982445120811462
27797.1328125,1,0.982286632061005
27925.4375,1,0.982126772403717
28054.3359375,1,0.981965482234955
28183.830078125,1,0.981802761554718
28313.919921875,1,0.981638729572296
28444.611328125,1,0.981473207473755
28575.90625,1,0.981306195259094
28707.806640625,1,0.981137692928314
28840.314453125,1,0.980967819690704
28973.435546875,1,0.98079639673233
29107.171875,1,0.980623543262482
29241.5234375,1,0.980449140071869
29376.49609375,1,0.980273187160492
29512.091796875,1,0.980095744132996
29648.314453125,1,0.979916751384735
29785.1640625,1,0.97973620891571
29922.646484375,1,0.979554057121277
30060.763671875,1,0.979370355606079
30199.517578125,1,0.979185044765472
30338.912109375,1,0.978998124599457
30478.94921875,1,0.978809535503387
30619.634765625,1,0.978619337081909
30760.96875,1,0.978427529335022
30902.955078125,1,0.978234052658081
31045.595703125,1,0.978038907051086
31188.896484375,1,0.977842092514038
31332.857421875,1,0.977643489837646
31477.482421875,1,0.977443277835846
31622.77734375,1,0.977241277694702
31768.740234375,1,0.97703754901886
31915.37890625,1,0.976832032203674
32062.693359375,1,0.97662478685379
32210.6875,1,0.976415753364563
32359.365234375,1,0.976204931735992
32508.73046875,1,0.975992262363434
32658.783203125,1,0.975777745246887
32809.53125,1,0.975561439990997
32960.97265625,1,0.975343227386475
33113.11328125,1,0.975123167037964
33265.95703125,1,0.974901258945465
33419.50390625,1,0.974677383899689
33573.76171875,1,0.974451661109924
33728.73046875,1,0.974223911762238
33884.4140625,1,0.973994314670563
34040.8203125,1,0.973762691020966
34197.9453125,1,0.973529160022736
34355.79296875,1,0.973293602466583
34514.375,1,0.973055958747864
34673.68359375,1,0.972816467285156
34833.73046875,1,0.972574770450592
34994.515625,1,0.97233110666275
35156.04296875,1,0.972085356712341
35318.31640625,1,0.971837520599365
35481.33984375,1,0.971587598323822
35645.11328125,1,0.971335530281067
35809.64453125,1,0.9710813164711
35974.93359375,1,0.970824897289276
36140.984375,1,0.970566391944885
36307.8046875,1,0.970305740833282
36475.39453125,1,0.970042824745178
36643.7578125,1,0.969777703285217
36812.8984375,1,0.9695103764534
36982.81640625,1,0.969240784645081
37153.5234375,1,0.96896892786026
37325.015625,1,0.968694746494293
37497.30078125,1,0.968418300151825
37670.37890625,1,0.96813952922821
37844.2578125,1,0.967858374118805
38018.94140625,1,0.967574954032898
38194.42578125,1,0.967289090156555
38370.72265625,1,0.967000901699066
38547.8359375,1,0.966710269451141
38725.765625,1,0.966417193412781
38904.515625,1,0.966121673583984
39084.08984375,1,0.965823769569397
39264.4921875,1,0.965523362159729
39445.73046875,1,0.965220391750336
39627.8046875,1,0.964914917945862
39810.71875,1,0.964606940746307
39994.4765625,1,0.964296460151672
40179.08203125,1,0.963983297348022
40364.5390625,1,0.963667631149292
40550.85546875,1,0.963349282741547
40738.02734375,1,0.963028371334076
40926.06640625,1,0.962704837322235
41114.97265625,1,0.962378561496735
41304.75,1,0.962049603462219
41495.40234375,1,0.961718022823334
41686.9375,1,0.961383640766144
41879.35546875,1,0.961046576499939
42072.6640625,1,0.96070671081543
42266.86328125,1,0.960364043712616
42461.95703125,1,0.960018634796143
42657.953125,1,0.959670424461365
42854.8515625,1,0.959319293498993
43052.66015625,1,0.958965361118317
43251.3828125,1,0.958608508110046
43451.0234375,1,0.958248794078827
43651.58203125,1,0.957886099815369
43853.0703125,1,0.957520544528961
44055.48828125,1,0.957152009010315
44258.8359375,1,0.95678049325943
44463.125,1,0.956405937671661
44668.359375,1,0.956028401851654
44874.5390625,1,0.955647766590118
45081.671875,1,0.955264091491699
45289.7578125,1,0.954877376556397
45498.8046875,1,0.954487562179565
45708.8203125,1,0.954094588756561
45919.80078125,1,0.953698396682739
46131.7578125,1,0.953299164772034
46344.69140625,1,0.952896654605865
46558.609375,1,0.952490985393524
46773.515625,1,0.95208203792572
46989.41015625,1,0.951669931411743
47206.3046875,1,0.951254487037659
47424.19921875,1,0.950835764408112
47643.09765625,1,0.950413644313812
47863.0078125,1,0.949988305568695
48083.93359375,1,0.949559569358826
48305.87890625,1,0.949127435684204
48528.8515625,1,0.94869190454483
48752.84765625,1,0.948252975940704
48977.8828125,1,0.947810530662537
49203.953125,1,0.947364628314972
49431.0703125,1,0.94691526889801
49659.23046875,1,0.946462452411652
49888.44921875,1,0.946006000041962
50118.72265625,1,0.94554603099823
50350.0625,1,0.945082485675812
50582.46484375,1,0.944615423679352
50815.9453125,1,0.944144606590271
51050.5,1,0.943670213222504
51286.13671875,1,0.94319212436676
51522.86328125,1,0.942710340023041
51760.68359375,1,0.942224860191345
51999.6015625,1,0.941735625267029
52239.6171875,1,0.941242694854736
52480.74609375,1,0.940745890140534
52722.984375,1,0.940245389938354
52966.34375,1,0.93974095582962
53210.82421875,1,0.939232766628265
53456.4375,1,0.938720643520355
53703.1796875,1,0.938204646110535
53951.0625,1,0.937684714794159
54200.08984375,1,0.937160909175873
54450.265625,1,0.936633050441742
54701.59765625,1,0.936101317405701
54954.0859375,1,0.935565531253815
55207.7421875,1,0.935025691986084
55462.5703125,1,0.934481799602509
55718.57421875,1,0.933933794498444
55975.76171875,1,0.933381795883179
56234.1328125,1,0.932825565338135
56493.69921875,1,0.932265281677246
56754.4609375,1,0.931700825691223
57016.42578125,1,0.931132137775421
57279.6015625,1,0.930559277534485
57543.9921875,1,0.929982125759125
57809.60546875,1,0.929400742053986
58076.44140625,1,0.928815126419067
58344.51171875,1,0.928225219249725
58613.81640625,1,0.92763090133667
58884.3671875,1,0.927032291889191
59156.1640625,1,0.926429271697998
59429.21484375,1,0.925821900367737
59703.52734375,1,0.925210118293762
59979.109375,1,0.92459386587143
60255.95703125,1,0.923973202705383
60534.0859375,1,0.923348009586334
60813.5,1,0.922718346118927
61094.203125,1,0.922084152698517
61376.19921875,1,0.921445369720459
61659.5,1,0.920802056789398
61944.109375,1,0.920154094696045
62230.02734375,1,0.919501543045044
62517.26953125,1,0.918844401836395
62805.8359375,1,0.918182551860809
63095.734375,1,0.917516112327576
63386.97265625,1,0.916844844818115
63679.55078125,1,0.916168928146362
63973.484375,1,0.915488183498383
64268.7734375,1,0.91480278968811
64565.421875,1,0.914112508296967
64863.44140625,1,0.913417518138886
65162.83984375,1,0.912717640399933
65463.6171875,1,0.912012875080109
65765.78125,1,0.911303281784058
66069.34375,1,0.91058874130249
66374.3046875,1,0.909869313240051
66680.6796875,1,0.909144997596741
66988.4609375,1,0.908415615558624
67297.6640625,1,0.907681345939636
67608.296875,1,0.906942069530487
67920.359375,1,0.906197786331177
68233.8671875,1,0.905448436737061
68548.8203125,1,0.904694020748138
68865.2265625,1,0.90393453836441
69183.09375,1,0.903169929981232
69502.4296875,1,0.902400255203247
69823.2421875,1,0.901625394821167
70145.53125,1,0.900845408439636
70469.3046875,1,0.90006023645401
70794.578125,1,0.899269878864288
71121.3515625,1,0.898474335670471
71449.6328125,1,0.897673487663269
71779.4296875,1,0.896867394447327
72110.75,1,0.896056056022644
72443.59375,1,0.895239472389221
72777.9765625,1,0.894417524337769
73113.90625,1,0.893590331077576
73451.390625,1,0.892757713794708
73790.421875,1,0.891919791698456
74131.0234375,1,0.891076505184174
74473.1953125,1,0.890227735042572
74816.953125,1,0.889373660087585
75162.2890625,1,0.888514101505279
75509.2265625,1,0.887649178504944
75857.7578125,1,0.886778712272644
76207.8984375,1,0.88590282201767
76559.6640625,1,0.885021388530731
76913.046875,1,0.884134471416473
77268.0546875,1,0.883242070674896
77624.7109375,1,0.882344126701355
77983.0078125,1,0.88144063949585
78342.9609375,1,0.880531549453735
78704.578125,1,0.879616916179657
79067.859375,1,0.87869668006897
79432.8203125,1,0.877770841121674
79799.46875,1,0.876839458942413
80167.8046875,1,0.875902354717255
80537.84375,1,0.874959647655487
80909.59375,1,0.874011278152466
81283.0546875,1,0.873057186603546
81658.234375,1,0.872097492218018
82035.15625,1,0.871132135391235
82413.8125,1,0.87016099691391
82794.21875,1,0.869184195995331
83176.375,1,0.868201613426209
83560.3046875,1,0.867213368415833
83946,1,0.866219341754913
84333.4765625,1,0.865219533443451
84722.7421875,1,0.86421400308609
85113.8046875,1,0.863202691078186
85506.671875,1,0.862185597419739
85901.3515625,1,0.861162662506104
86297.8515625,1,0.86013400554657
86696.1875,1,0.859099566936493
87096.359375,1,0.858059227466583
87498.375,1,0.85701310634613
87902.25,1,0.855961203575134
88307.9921875,1,0.854903399944305
88715.6015625,1,0.853839874267578
89125.09375,1,0.852770388126373
89536.4765625,1,0.85169506072998
89949.7578125,1,0.850613951683044
90364.9453125,1,0.849526941776276
90782.0546875,1,0.848434090614319
91201.0859375,1,0.847335338592529
91622.046875,1,0.846230745315552
92044.9609375,1,0.845120310783386
92469.8203125,1,0.844003975391388
92896.640625,1,0.842881739139557
93325.4296875,1,0.841753661632538
93756.203125,1,0.840619683265686
94188.9609375,1,0.839479863643646
94623.71875,1,0.838334202766418
95060.4765625,1,0.837182581424713
95499.2578125,1,0.836025059223175
95940.0625,1,0.834861755371094
96382.90625,1,0.83369255065918
96827.7890625,1,0.832517385482788
97274.71875,1,0.831336438655853
97723.71875,1,0.83014965057373
98174.796875,1,0.828956961631775
98627.9453125,1,0.827758371829987
99083.1953125,1,0.826554000377655
99540.5390625,1,0.825343728065491
100000,1,0.824127614498138
